judgment,stimulus_sex,type,user_id,rater_sex,sexpref,rater_age,alexandra,anastazie,anezka,bera,bohdana,brenda,carol,christianne,dagmar,debra,dobromila,dusana,edita,eleanora,elena,eugenia,evzenie,gabriela,gejza,ida,ingrid,irena,jindriska,jitka,karina,kordula,lea,linda,livia,lujza,margita,marika,matylda,miloslava,milota,miriama,peggy,perla,radmila,sarlota,saskie,sidonia,stela,tamara,ursula,viktoria,viola,vladena,zelmira,zlata
aggressive,female,body,524919,male,women,32.0,3,3,3,3,3,3,3,3,7,3,3,3,3,3,3,3,3,3,3,3,3,3,3,7,3,3,3,3,3,3,3,3,3,3,3,3,3,3,7,3,3,3,3,3,3,3,3,7,3,7
aggressive,female,body,526499,male,women,25.4,2,1,2,1,1,1,1,2,3,2,2,1,2,1,1,3,2,1,1,4,1,2,2,2,2,2,2,2,1,2,2,2,1,1,1,1,2,2,3,2,2,3,1,3,1,2,1,2,1,2
aggressive,female,body,518690,male,men,24.0,3,3,1,3,3,3,3,6,3,4,3,5,3,2,3,3,3,3,3,3,3,3,3,4,3,3,3,3,3,3,3,3,3,3,3,3,3,3,3,3,3,3,3,3,3,3,3,3,3,3
aggressive,female,body,526864,male,women,21.4,1,1,1,1,1,1,1,1,1,1,3,1,1,3,1,5,1,5,1,1,3,2,1,1,1,1,1,2,1,1,3,1,1,2,4,1,6,1,1,1,1,1,1,1,3,1,2,1,1,1
aggressive,female,body,525682,male,women,22.9,4,1,5,3,3,4,3,2,6,3,4,2,4,3,5,4,3,4,4,4,5,2,5,3,3,3,2,5,4,3,2,3,4,4,3,4,1,4,3,5,2,4,3,3,2,5,3,5,3,4
aggressive,female,body,520426,male,men,19.3,3,1,2,3,2,2,2,3,5,2,2,1,4,3,2,2,2,2,1,1,2,2,2,7,1,2,3,2,3,2,2,1,1,6,1,2,2,5,7,2,2,1,3,4,2,3,2,1,2,3
aggressive,female,body,526960,male,women,53.9,5,2,4,4,4,2,3,3,2,2,5,1,3,3,4,2,4,4,3,3,3,2,4,2,2,2,2,4,2,5,2,3,4,5,3,5,4,4,4,1,3,2,4,4,2,3,4,4,2,6
aggressive,female,body,521325,male,women,21.1,3,4,2,3,2,2,3,2,5,4,3,1,5,3,5,5,3,2,4,1,4,6,5,5,3,3,5,4,5,4,3,5,2,4,2,3,2,3,4,3,3,5,3,5,3,4,2,3,5,3
aggressive,female,body,527065,male,women,60.8,2,2,4,3,3,3,3,2,3,1,3,3,3,1,3,3,2,4,3,3,3,1,3,3,3,1,2,2,3,4,3,3,3,4,2,2,3,4,4,3,2,3,4,3,3,3,3,3,3,3
aggressive,female,body,522256,male,men,20.3,4,2,2,4,2,2,3,2,7,4,5,3,5,1,7,5,3,5,7,5,2,7,3,6,6,4,3,5,2,4,1,5,3,5,1,4,1,1,5,6,2,3,4,5,3,1,4,1,4,4
aggressive,female,body,527160,male,women,19.1,3,1,3,3,3,3,3,3,3,7,1,3,4,6,3,7,3,4,3,6,1,5,3,1,1,4,3,3,3,1,3,2,2,3,3,2,1,2,5,4,2,7,2,2,3,4,3,1,3,4
aggressive,female,body,522977,male,women,41.0,6,5,5,5,5,4,4,4,5,5,6,4,3,5,4,3,5,5,5,2,5,3,3,3,6,4,4,4,4,6,4,5,7,6,1,5,4,6,3,6,5,4,5,4,4,4,3,4,3,3
aggressive,female,body,519244,female,men,21.5,3,3,3,3,3,3,3,3,3,3,3,3,3,3,3,3,3,3,3,3,3,3,3,3,3,3,3,3,3,3,3,3,3,3,3,3,3,3,3,3,3,3,3,3,3,3,3,3,3,3
aggressive,female,body,525851,female,men,36.4,6,4,5,5,6,6,6,5,7,5,4,4,6,5,6,7,5,5,5,4,5,6,7,5,5,4,6,5,4,4,5,5,3,6,7,5,6,6,6,6,6,3,6,3,5,6,5,6,5,6
aggressive,female,body,524898,female,men,20.2,1,1,1,3,1,2,1,5,3,1,4,1,1,1,1,2,2,1,1,1,5,2,3,4,1,3,1,4,1,4,1,4,1,4,1,1,4,1,5,5,1,3,2,1,1,3,6,2,1,4
aggressive,female,body,518546,female,men,39.1,3,1,3,3,2,1,1,1,2,3,1,1,2,1,2,4,1,2,2,3,2,2,1,4,2,2,2,3,3,4,2,1,2,2,1,1,1,1,3,4,1,2,1,3,1,5,1,2,2,3
aggressive,female,body,525587,female,men,18.1,3,3,3,3,3,3,3,3,3,3,3,3,3,3,3,3,3,3,3,3,3,3,3,3,3,3,3,3,3,3,3,3,3,3,3,3,3,3,3,3,3,3,3,3,3,3,3,3,3,3
aggressive,female,body,524222,female,either,23.1,3,2,4,3,6,2,6,5,5,3,3,3,3,4,6,2,4,2,3,2,4,3,2,3,3,3,3,4,3,5,3,3,4,2,6,2,6,2,4,4,2,5,4,2,2,5,4,3,5,3
aggressive,female,body,520118,female,men,31.4,2,1,3,3,3,3,3,2,5,2,2,3,3,2,5,5,2,1,3,3,2,3,3,4,3,3,3,4,2,3,2,1,3,2,3,2,2,2,3,2,5,5,1,4,2,3,1,2,2,3
aggressive,female,body,526921,female,men,34.3,3,4,2,2,3,2,5,2,2,2,2,3,2,3,1,4,2,2,4,1,2,6,4,2,1,3,4,3,2,4,2,3,3,3,1,3,5,2,6,5,3,1,1,4,6,2,5,3,2,3
aggressive,female,body,527070,female,men,20.4,1,1,1,1,1,1,1,1,1,1,1,1,1,1,1,1,1,1,1,1,1,1,1,1,1,1,1,1,1,1,1,1,1,1,1,1,1,1,1,1,1,1,1,1,1,1,1,1,1,1
aggressive,female,body,526992,female,men,24.0,3,3,4,3,3,3,3,2,5,4,4,3,3,3,3,4,3,3,3,3,3,3,3,3,3,3,3,3,3,3,3,3,3,4,3,4,3,3,3,3,3,3,3,4,3,4,3,3,3,4
aggressive,female,body,520597,female,men,20.3,2,4,4,4,3,3,3,4,4,3,5,3,4,4,6,3,5,5,5,4,5,6,4,5,5,3,5,6,3,3,3,4,2,4,3,3,3,3,5,5,3,6,4,4,4,5,5,3,4,4
aggressive,female,body,517938,female,men,22.7,1,2,1,1,1,1,1,3,2,1,1,1,1,1,1,1,2,1,2,1,1,2,2,2,1,1,1,2,1,1,1,2,1,1,1,1,1,1,3,1,1,1,1,2,2,2,1,1,1,2
attractive,female,body,527160,male,women,19.1,3,1,1,4,1,1,6,2,7,4,4,1,1,5,1,4,4,3,4,6,4,1,5,4,1,5,5,6,1,5,4,1,4,6,1,1,1,7,6,6,3,1,3,5,1,6,4,7,4,7
attractive,female,body,130175,male,men,28.3,1,1,1,1,1,2,1,1,2,1,1,1,2,1,2,1,1,1,1,3,1,1,1,2,1,1,1,3,1,1,1,1,1,1,1,3,1,3,1,1,1,1,1,1,1,1,1,2,3,3
attractive,female,body,335333,male,women,32.0,5,5,3,5,3,4,5,6,6,5,3,2,3,2,3,4,2,2,5,4,5,2,5,2,4,3,2,4,2,3,3,4,4,6,5,5,5,4,6,2,4,3,3,4,2,4,5,5,3,7
attractive,female,body,518947,male,women,34.7,4,1,2,2,1,3,2,2,5,2,2,2,2,3,2,2,2,2,3,5,2,1,2,2,1,1,4,4,4,5,3,3,2,3,3,3,2,4,5,2,2,3,3,4,1,4,3,5,1,5
attractive,female,body,522024,male,women,32.0,6,3,6,4,5,4,6,4,6,7,5,3,6,6,5,6,7,5,7,6,6,4,6,6,3,4,5,6,4,6,6,4,5,7,5,5,4,6,7,7,6,4,5,7,4,6,6,7,4,7
attractive,female,body,524146,male,women,19.9,6,3,5,3,6,2,3,3,5,2,4,6,4,7,6,1,7,3,7,4,3,1,3,2,2,1,2,5,5,2,4,3,2,3,4,4,1,6,7,4,1,2,3,6,2,4,3,6,5,3
attractive,female,body,525174,male,women,32.0,5,4,2,4,3,4,5,3,3,4,3,3,2,3,3,2,5,3,5,5,3,3,6,3,4,4,4,4,3,4,2,3,5,5,4,5,2,5,3,5,2,1,4,5,2,6,4,5,2,5
attractive,female,body,525937,male,women,19.5,3,1,1,4,3,2,2,1,4,2,2,1,4,2,3,1,3,2,3,4,2,1,2,5,2,4,3,3,3,2,2,2,1,4,2,1,1,2,6,4,1,3,4,3,3,4,3,3,2,4
attractive,female,body,526740,male,neither,40.8,6,1,1,1,2,1,2,1,1,4,5,1,2,1,5,2,4,1,2,3,5,1,4,3,1,2,2,2,2,3,3,1,1,2,1,1,1,5,3,2,1,1,1,4,2,3,2,6,2,5
attractive,female,body,526960,male,women,53.9,1,1,2,2,3,1,1,1,1,4,2,2,2,2,1,1,1,1,3,4,2,1,2,2,2,1,1,4,2,4,2,1,2,5,2,2,1,3,5,2,3,1,1,4,1,4,4,4,3,6
attractive,female,body,527009,male,women,29.5,7,7,2,6,2,7,7,3,4,7,3,6,2,6,2,3,4,3,5,7,7,1,3,4,2,6,3,6,7,5,5,3,7,3,7,5,2,6,1,4,4,1,4,4,5,3,5,7,3,5
attractive,female,body,121348,male,women,28.2,4,1,3,4,2,4,5,3,6,4,5,1,2,4,3,3,4,2,3,5,4,2,3,4,2,4,4,4,3,4,3,2,2,3,3,3,1,3,4,5,2,1,5,4,2,4,4,4,2,5
attractive,female,body,520483,female,men,19.1,5,3,3,6,3,2,3,2,7,6,6,3,3,2,5,5,2,4,3,5,3,3,5,6,3,2,5,6,2,6,3,5,2,4,3,2,6,2,7,5,3,3,3,6,3,6,5,5,6,6
attractive,female,body,519617,female,men,45.8,2,1,2,2,3,2,2,3,3,2,3,1,3,1,2,3,2,2,3,2,2,2,3,4,2,2,2,3,2,2,2,2,2,3,2,2,1,2,3,3,3,3,2,3,2,4,2,2,2,3
attractive,female,body,518006,female,men,51.3,4,1,3,2,2,2,2,2,6,4,5,1,3,2,4,3,2,1,5,4,1,2,5,5,3,3,2,4,3,6,5,3,1,6,1,1,1,6,5,4,2,3,1,6,2,5,2,6,3,6
attractive,female,body,518841,female,women,27.2,4,6,5,4,4,4,4,3,5,4,3,3,3,4,2,3,5,4,3,3,5,3,4,3,3,5,4,3,4,4,4,2,4,5,5,3,5,5,4,3,4,2,5,6,4,4,4,5,3,4
attractive,female,body,520762,female,men,21.5,3,2,2,4,2,2,4,2,6,2,4,2,3,3,2,5,2,3,2,4,2,2,2,5,3,2,2,4,2,3,2,3,2,2,2,3,4,2,6,5,2,4,3,4,5,3,4,3,3,5
attractive,female,body,524462,female,men,22.9,5,3,4,5,4,5,4,4,4,4,4,4,4,6,4,3,5,4,5,6,4,3,4,5,3,4,5,5,5,5,5,5,4,5,3,5,4,5,4,4,5,3,4,4,4,5,6,5,4,6
attractive,female,body,525032,female,men,33.4,3,2,4,2,1,3,3,3,3,2,5,2,3,2,5,4,2,3,5,2,5,2,5,3,3,2,3,4,4,3,4,3,3,4,3,3,2,3,4,2,4,2,3,2,2,4,3,4,5,5
attractive,female,body,525769,female,men,18.4,3,2,4,2,2,5,5,4,3,3,4,5,2,5,2,3,5,3,3,3,5,2,4,4,2,3,2,4,2,5,4,4,3,3,3,4,2,3,3,4,5,2,4,3,3,3,3,4,3,4
attractive,female,body,526919,female,men,30.1,3,2,1,1,1,2,5,2,2,4,3,1,2,3,1,3,2,1,2,2,1,2,2,2,1,4,2,4,1,1,2,2,1,2,1,6,1,2,1,1,1,3,1,1,1,3,1,2,1,4
attractive,female,body,526979,female,men,18.8,2,4,3,2,2,2,2,5,4,6,4,2,4,2,2,3,6,3,3,2,2,1,4,4,2,3,4,2,1,2,2,3,2,4,5,5,5,5,3,1,4,1,3,3,3,2,3,4,3,4
attractive,female,body,527070,female,men,20.4,5,4,3,4,4,4,4,4,4,4,4,4,4,4,4,4,4,4,4,5,5,3,4,5,4,4,4,4,5,5,4,4,5,4,4,5,4,4,4,5,4,3,4,5,4,4,4,5,4,6
attractive,female,body,518341,female,men,22.8,5,3,3,4,5,3,2,2,5,4,4,2,4,4,5,5,4,2,5,5,3,2,6,5,3,3,3,5,4,4,4,4,3,5,3,3,2,5,6,5,2,4,4,4,4,5,4,4,5,6
caring,female,body,521318,male,women,26.7,4,2,1,3,2,6,4,3,4,3,3,2,3,3,2,1,1,3,2,5,3,3,2,3,1,1,2,3,4,4,3,2,3,4,4,6,1,3,1,3,2,4,4,2,3,2,3,7,4,5
caring,female,body,522195,male,women,19.9,6,3,4,5,2,3,3,3,5,3,3,3,3,6,3,4,5,4,5,5,4,2,6,3,4,5,5,6,5,5,3,2,5,6,5,4,3,4,3,4,4,3,3,3,6,5,4,5,4,7
caring,female,body,522876,male,men,25.8,3,3,5,2,4,5,5,5,2,6,2,1,7,6,5,7,4,4,1,6,2,4,6,4,4,2,1,3,4,3,5,3,3,4,3,5,3,5,3,5,2,3,2,5,4,5,5,5,3,6
caring,female,body,524913,male,women,58.9,5,4,5,4,5,5,5,5,5,4,5,5,5,5,5,5,5,5,5,5,5,5,5,5,5,5,4,5,4,5,5,5,4,5,5,4,4,5,5,6,5,6,5,5,5,5,5,5,5,5
caring,female,body,526567,male,women,33.9,5,3,4,7,4,3,3,3,3,5,5,3,3,5,6,4,5,3,4,6,5,3,7,4,3,4,7,4,5,6,3,3,6,7,4,6,2,4,6,4,3,3,4,7,3,6,6,6,4,7
caring,female,body,526810,male,women,32.0,2,1,3,5,1,1,3,1,7,6,3,1,4,3,6,4,3,1,1,2,4,2,4,4,1,1,1,2,7,6,3,2,1,2,1,1,1,2,7,6,6,1,1,1,2,5,3,5,2,5
caring,female,body,527001,male,women,34.4,3,3,3,3,2,2,3,3,3,2,3,3,2,2,3,4,3,2,3,2,3,4,2,3,2,1,2,2,2,3,2,2,1,3,2,1,1,2,3,2,2,4,1,4,2,3,2,2,2,4
caring,female,body,526951,male,women,26.8,6,2,2,3,2,5,2,4,5,3,6,3,2,2,1,1,2,1,2,3,3,1,5,1,1,1,4,3,3,4,5,1,1,5,6,4,1,4,2,2,3,1,3,2,3,5,2,4,4,5
caring,female,body,520344,male,women,20.0,3,2,1,1,3,2,2,1,1,2,1,1,1,2,1,1,1,1,2,4,3,1,1,1,1,1,1,1,2,1,2,1,2,1,2,3,1,4,3,1,1,1,1,1,2,1,2,2,3,3
caring,female,body,517937,male,women,22.9,3,2,3,2,3,3,4,3,4,3,3,4,4,3,4,3,3,4,5,5,3,5,2,5,6,4,2,2,3,3,4,4,3,2,5,3,3,5,4,4,3,6,3,5,3,5,3,3,2,2
caring,female,body,466427,male,,22.3,4,2,3,5,4,3,4,3,5,3,2,3,3,4,5,4,3,2,3,5,5,3,3,3,2,3,4,4,4,4,2,2,3,3,4,2,1,2,5,4,3,5,3,4,3,4,4,5,4,3
caring,female,body,471376,male,men,41.4,6,3,7,6,7,6,6,6,6,6,6,4,6,3,6,6,6,6,6,6,6,6,6,6,6,6,6,6,6,5,6,6,6,6,6,2,6,6,6,6,6,6,6,6,6,6,6,6,6,5
caring,female,body,520589,female,men,20.9,2,3,5,2,2,2,2,2,4,2,4,2,4,5,5,5,2,4,3,2,3,5,5,5,1,3,2,3,4,2,3,3,2,3,2,3,2,2,4,2,4,5,3,4,3,5,2,3,2,5
caring,female,body,527070,female,men,20.4,4,4,4,4,4,4,4,4,4,4,4,4,4,4,4,4,4,4,4,4,4,4,4,4,4,4,4,4,4,4,4,4,4,4,4,4,4,4,4,4,4,4,4,4,4,4,4,4,4,4
caring,female,body,519998,female,men,23.7,7,7,1,1,4,4,1,1,3,1,1,1,7,1,1,1,7,1,4,7,1,7,1,2,2,1,1,1,7,3,7,1,1,1,7,1,1,1,7,7,1,4,7,7,1,7,5,4,6,1
caring,female,body,458630,female,women,25.8,5,1,4,2,1,3,3,1,3,4,3,3,3,3,3,1,2,3,1,3,3,1,2,3,2,4,1,2,3,3,3,3,1,2,2,4,4,6,3,1,3,1,2,3,2,3,3,5,2,5
caring,female,body,526909,female,men,21.8,3,3,3,4,4,4,3,4,4,5,2,4,4,3,5,3,4,3,5,3,3,5,5,4,3,5,3,6,4,3,4,3,4,5,3,5,2,5,4,3,4,1,5,6,5,3,5,3,2,3
caring,female,body,527108,female,,23.2,4,4,4,4,3,4,4,3,4,4,4,3,3,4,4,3,3,4,4,4,3,4,3,4,4,4,4,3,3,4,4,4,3,4,3,4,3,4,4,3,3,3,3,3,3,4,3,4,3,3
caring,female,body,525848,female,men,26.2,2,2,2,2,2,2,2,2,2,2,2,2,2,2,2,2,2,2,2,2,2,2,2,2,2,2,2,2,2,2,2,2,2,2,2,2,2,2,2,2,2,4,2,2,2,2,2,2,2,2
caring,female,body,519172,female,men,19.6,2,5,3,4,4,3,4,3,5,3,2,4,4,5,2,3,6,3,6,2,4,2,5,4,1,4,6,4,5,5,4,5,3,6,4,7,3,4,7,4,4,1,5,6,3,5,5,4,3,6
caring,female,body,518531,female,men,19.5,3,2,2,2,3,2,3,3,5,5,3,2,1,2,1,2,5,2,3,6,2,2,3,3,2,3,4,3,4,4,3,1,3,4,2,2,2,3,3,6,2,2,3,5,2,3,2,3,3,7
caring,female,body,518132,female,neither,19.9,5,1,3,5,2,5,3,3,5,6,4,2,4,4,5,5,3,3,4,5,3,2,4,4,2,2,3,3,2,4,2,2,4,3,2,5,2,4,4,3,2,4,4,4,3,5,3,4,6,5
caring,female,body,524162,female,either,21.2,5,5,5,5,3,4,5,6,6,4,6,6,5,3,6,5,7,4,6,3,6,6,5,6,5,3,5,4,5,5,5,6,5,5,5,3,4,5,5,5,4,5,5,4,4,6,5,4,4,6
caring,female,body,524885,female,men,42.9,2,1,2,3,2,2,2,1,2,2,3,1,2,2,2,4,1,2,3,3,3,3,2,5,2,1,2,3,1,3,1,1,1,3,1,3,1,3,5,3,1,5,1,3,1,3,3,3,2,4
caring,female,body,525465,female,men,37.0,2,1,5,4,2,2,2,4,5,3,3,1,4,3,5,4,2,2,3,4,2,4,3,4,4,2,2,3,3,3,4,4,3,2,2,3,1,4,3,5,3,5,3,3,1,3,1,3,3,4
confident,female,body,522851,male,women,21.9,4,2,4,5,4,3,5,2,5,5,5,2,4,5,5,2,4,3,4,5,5,2,4,3,4,4,5,4,4,5,4,4,4,5,4,4,3,5,6,5,3,2,4,4,4,4,4,5,4,6
confident,female,body,525466,male,women,53.3,4,3,5,5,4,4,4,4,6,4,5,3,5,4,3,6,4,4,6,6,4,2,5,6,4,4,4,4,3,7,4,5,3,5,3,4,3,5,7,3,3,2,3,5,4,4,4,4,4,7
confident,female,body,526281,male,women,19.0,3,2,5,3,2,5,3,3,6,5,5,2,3,3,5,4,5,3,4,4,3,3,7,5,2,2,2,5,3,3,5,5,2,3,3,3,4,4,7,5,4,3,3,4,1,3,2,6,2,7
confident,female,body,526871,male,women,23.3,4,1,1,1,1,1,4,1,3,2,1,1,1,1,2,1,1,1,2,2,1,1,5,2,1,2,1,4,1,3,1,1,1,2,1,1,1,2,3,5,1,1,1,1,1,2,1,1,3,4
confident,female,body,526933,male,women,22.5,2,1,2,2,3,1,2,1,4,1,4,1,1,1,2,3,3,1,1,1,1,1,2,3,1,3,1,2,1,3,4,1,1,5,1,1,4,2,3,2,1,2,1,2,1,3,2,2,1,5
confident,female,body,526971,male,women,19.0,2,1,5,1,2,2,2,2,5,5,1,1,5,4,1,2,2,1,2,2,4,4,1,5,1,1,2,3,1,3,2,2,1,2,1,1,1,2,5,1,1,3,2,3,3,2,2,1,1,5
confident,female,body,527074,male,women,21.1,3,2,3,3,3,2,2,3,6,4,3,2,5,3,4,5,3,2,3,3,2,3,4,5,4,3,3,5,4,5,3,3,3,4,2,4,3,5,5,5,2,2,2,3,3,4,3,4,3,6
confident,female,body,522132,male,women,32.8,4,5,4,4,5,3,2,6,5,5,3,4,4,4,3,5,2,4,5,5,4,2,3,4,3,5,5,5,4,5,4,4,3,5,5,3,1,4,6,3,4,3,4,5,4,5,5,2,4,6
confident,female,body,521226,male,women,21.0,2,1,4,3,2,3,5,3,7,5,5,1,2,4,3,1,5,3,6,6,3,1,3,2,1,4,5,3,2,5,3,2,3,5,3,2,3,7,3,5,1,1,2,2,3,7,5,6,2,2
confident,female,body,520325,male,either,25.3,4,2,4,3,3,4,4,5,7,4,5,1,3,3,4,5,3,2,5,5,5,2,4,4,3,3,2,5,2,3,2,2,3,4,6,7,2,4,6,6,3,2,4,4,2,3,3,6,4,5
confident,female,body,130909,male,women,26.2,1,1,2,1,4,2,3,2,4,1,3,5,2,2,1,2,1,2,2,2,2,2,1,2,2,2,1,2,2,2,2,2,1,3,1,2,1,1,4,3,4,2,2,3,2,4,1,5,4,1
confident,female,body,518716,male,women,24.8,4,4,4,4,3,3,6,4,3,3,5,4,3,3,3,3,5,3,3,3,4,2,3,3,3,4,4,4,5,5,4,4,6,5,4,6,6,5,4,3,3,2,4,4,3,3,3,6,2,4
confident,female,body,520585,female,men,26.1,4,3,6,5,6,3,4,6,6,6,5,4,5,5,5,3,5,5,4,5,4,4,5,6,3,4,5,6,4,5,3,6,4,6,4,4,4,4,4,4,4,6,4,3,4,6,5,4,5,5
confident,female,body,527070,female,men,20.4,4,4,4,4,4,4,4,4,4,4,4,4,4,4,4,4,4,4,4,4,4,4,4,4,4,4,4,4,4,4,4,4,4,4,4,4,4,4,4,4,4,4,4,4,4,4,4,4,4,4
confident,female,body,527057,female,men,31.0,3,2,5,5,3,2,5,5,5,5,3,2,1,3,5,5,3,3,5,4,5,3,5,5,5,3,4,5,5,5,5,5,2,5,1,3,2,5,5,2,3,2,4,4,2,5,3,4,4,5
confident,female,body,476282,female,men,28.8,3,6,3,1,3,1,1,3,3,1,3,3,3,1,1,1,1,3,3,1,1,3,1,1,3,3,1,1,3,3,1,3,1,3,3,3,1,4,3,3,1,1,3,3,1,3,3,1,1,3
confident,female,body,517935,female,men,24.5,5,4,5,5,4,4,6,7,6,6,7,5,6,4,5,5,5,4,7,7,7,4,7,6,5,4,6,5,5,6,6,4,4,7,4,6,4,6,6,6,5,4,6,5,5,6,5,6,7,6
confident,female,body,526926,female,either,18.2,5,6,6,5,5,6,6,4,6,6,5,6,4,5,6,6,6,6,6,6,4,3,6,5,4,4,5,5,5,6,6,5,4,5,4,5,4,6,6,6,4,6,4,5,6,6,4,5,6,6
confident,female,body,526897,female,either,27.1,5,3,3,5,6,1,6,3,7,4,5,1,4,4,5,7,5,4,4,4,5,2,5,7,2,3,6,5,6,4,6,1,4,5,6,6,4,6,7,3,4,4,3,7,4,6,4,4,5,7
confident,female,body,518521,female,men,23.4,4,2,3,4,2,2,2,2,4,4,2,2,3,4,3,2,3,3,3,2,4,1,3,3,3,3,3,3,2,4,3,2,2,3,4,2,2,3,3,2,2,2,3,3,2,3,3,3,2,4
confident,female,body,525831,female,men,25.1,5,2,3,4,4,3,4,2,6,5,5,3,3,2,4,4,4,2,3,4,3,2,3,5,2,3,4,6,4,5,3,3,2,4,3,4,2,4,6,4,3,2,4,3,3,6,3,4,3,6
confident,female,body,525460,female,men,19.2,6,1,4,2,1,2,2,1,2,2,6,1,1,7,2,3,2,1,1,5,2,1,5,1,2,6,1,4,6,6,3,3,2,5,4,2,1,5,2,7,1,1,1,1,2,2,2,7,5,7
confident,female,body,519913,female,either,19.4,6,5,6,6,3,7,6,4,6,7,6,7,5,7,5,5,6,5,7,6,6,5,7,6,4,7,6,7,7,6,6,6,7,6,7,6,3,7,7,5,5,4,5,6,5,6,5,6,5,7
confident,female,body,524850,female,men,39.6,6,6,6,6,4,4,5,5,6,5,4,5,5,5,6,5,6,5,5,4,5,6,5,5,5,4,5,5,6,6,4,6,4,5,6,5,6,5,5,4,5,5,5,6,6,5,5,4,6,6
confident,female,body,524137,female,,26.0,6,3,3,4,3,3,4,3,5,5,5,3,3,5,3,5,4,4,6,6,4,4,3,6,3,4,5,6,5,5,3,3,3,6,5,4,3,5,7,4,4,4,5,5,3,6,4,6,4,5
dominant,female,body,522800,male,women,23.5,5,3,3,4,4,4,4,3,5,4,4,3,5,3,4,4,4,3,4,4,3,3,5,5,3,4,3,3,2,4,3,4,3,4,3,4,5,4,6,4,3,5,3,4,3,4,3,5,3,5
dominant,female,body,528578,male,women,22.6,3,3,2,2,2,3,3,1,4,1,3,2,3,3,2,4,4,2,2,2,3,2,4,3,1,2,3,3,2,2,3,3,1,4,1,2,2,1,4,3,2,3,3,4,4,4,2,3,1,3
dominant,female,body,525337,male,women,24.2,3,5,2,3,3,1,4,5,3,5,3,1,3,5,3,1,4,5,3,4,3,2,5,5,3,4,3,4,5,4,3,3,5,4,5,3,2,5,4,3,3,3,3,4,3,5,5,5,3,3
dominant,female,body,526684,male,women,33.1,1,1,1,3,1,1,2,1,3,3,1,1,1,3,1,2,1,1,2,3,2,1,3,2,1,2,1,2,1,3,1,1,1,1,2,2,1,3,4,3,1,2,2,3,1,1,1,2,1,3
dominant,female,body,526130,male,men,25.3,4,5,4,4,3,3,2,4,5,5,3,3,4,3,4,5,6,4,3,4,4,5,4,4,4,3,4,4,4,3,4,4,3,5,3,4,3,3,6,4,4,4,4,5,5,5,4,4,4,3
dominant,female,body,521200,male,women,26.0,3,3,2,3,1,2,2,2,4,2,3,1,3,1,3,4,3,1,2,3,3,1,2,5,2,3,2,1,1,3,2,2,2,3,2,2,2,2,5,3,2,4,2,3,1,3,2,3,1,4
dominant,female,body,519963,male,either,18.7,5,1,5,6,2,4,2,1,4,5,1,1,7,1,5,1,3,1,1,5,2,3,4,6,1,4,1,4,1,2,3,1,3,5,3,5,1,6,5,6,4,2,3,5,2,4,1,5,1,5
dominant,female,body,457452,male,women,28.3,1,1,1,1,1,1,1,1,5,1,1,1,5,1,1,1,1,1,1,1,1,1,1,5,1,1,1,1,1,1,1,1,1,1,1,1,1,1,5,1,1,1,1,1,1,1,1,1,1,5
dominant,female,body,517892,male,women,27.0,4,2,4,2,5,2,2,1,5,1,3,3,5,2,3,5,2,2,2,1,3,1,5,3,2,1,4,5,3,4,1,5,1,2,1,1,1,3,6,4,4,1,2,4,5,5,4,4,2,4
dominant,female,body,522078,male,women,21.9,4,2,6,6,2,3,4,2,7,2,5,1,1,6,2,1,5,2,2,5,3,1,6,4,2,7,3,5,5,6,4,3,2,4,3,3,2,6,7,5,2,1,6,5,3,6,3,4,3,6
dominant,female,body,520542,female,men,23.4,1,1,1,1,2,3,1,1,5,1,4,1,1,1,1,1,4,1,5,1,5,1,5,1,1,1,1,1,1,2,1,1,1,5,1,1,1,2,1,4,3,1,1,1,1,1,1,1,1,6
dominant,female,body,518092,female,women,19.7,4,4,4,3,3,2,2,1,5,3,6,1,1,6,3,5,5,2,5,3,2,2,6,2,1,3,4,4,2,5,2,3,3,5,3,2,2,6,5,1,1,1,4,6,2,5,3,5,2,6
dominant,female,body,524730,female,men,56.7,1,1,1,1,1,1,1,1,1,1,1,1,1,1,1,2,1,1,1,1,1,1,1,1,1,1,1,1,1,1,1,1,1,1,1,1,1,1,1,1,1,1,1,1,1,1,1,1,1,1
dominant,female,body,519028,female,men,25.7,2,1,2,4,5,1,3,2,2,3,2,3,2,3,4,5,4,3,2,2,5,1,2,3,2,2,3,5,3,2,3,3,2,3,4,3,2,2,6,2,2,5,2,5,2,4,3,1,2,5
dominant,female,body,518427,female,men,41.7,5,4,2,1,5,4,4,1,5,2,5,1,5,5,3,1,5,3,3,4,5,1,5,5,1,2,5,4,1,1,1,2,1,4,3,5,1,5,6,4,2,2,5,2,5,4,2,5,1,5
dominant,female,body,519881,female,men,18.1,3,1,1,1,4,1,7,1,5,6,7,4,7,6,5,6,6,6,5,2,2,5,7,6,5,2,5,7,1,7,6,2,1,3,1,4,4,3,6,1,2,2,2,3,6,7,5,7,7,6
dominant,female,body,520803,female,men,21.7,5,2,5,5,3,5,6,5,5,4,4,6,4,4,4,4,3,4,5,4,5,2,6,4,4,4,5,4,3,5,5,5,4,4,7,6,3,7,5,4,6,3,3,5,5,6,5,5,4,6
dominant,female,body,525356,female,men,21.1,6,4,5,4,5,4,6,6,4,6,6,4,4,5,5,3,5,5,4,6,5,4,4,4,4,3,5,6,5,6,6,5,6,3,6,5,4,6,5,3,4,4,6,4,5,5,4,5,5,4
dominant,female,body,525818,female,either,24.4,2,3,3,5,5,3,2,3,4,2,5,3,5,5,4,6,5,3,5,4,4,5,5,4,4,3,3,4,3,5,3,2,1,5,5,3,2,4,5,6,3,5,5,5,4,5,2,3,3,5
dominant,female,body,526758,female,either,19.6,6,3,4,5,2,5,6,3,3,4,6,2,2,3,3,2,3,2,3,3,4,1,5,2,2,5,4,3,4,2,2,4,7,3,3,2,3,3,3,2,2,1,4,1,2,5,3,5,1,3
dominant,female,body,524491,intersex,women,21.0,3,5,2,3,1,3,7,2,1,3,2,2,2,1,1,3,2,2,2,1,2,2,1,2,1,4,6,2,3,3,5,5,4,1,4,6,2,2,1,1,3,3,3,3,4,4,6,5,3,2
emotionally_stable,female,body,528805,male,women,18.0,2,1,1,2,2,2,3,2,4,7,3,1,5,3,5,4,2,2,2,4,2,4,4,7,2,2,3,3,2,5,2,2,2,5,2,4,3,3,5,3,2,7,3,2,2,4,2,5,5,3
emotionally_stable,female,body,522651,male,women,26.8,4,4,4,4,4,4,4,1,3,4,4,4,4,4,3,4,4,4,3,4,4,5,4,4,5,4,4,4,1,3,4,4,3,4,3,4,3,4,4,4,3,4,4,4,6,4,4,4,6,4
emotionally_stable,female,body,522061,male,women,21.7,3,3,3,5,4,4,5,3,4,4,3,4,4,5,4,4,4,3,3,4,4,3,3,6,3,6,6,5,6,5,3,3,4,6,5,4,2,5,3,6,4,4,4,5,3,5,3,5,3,6
emotionally_stable,female,body,526103,male,women,49.6,5,4,4,5,4,4,5,4,5,5,5,3,5,5,4,4,5,5,5,4,5,4,5,5,4,5,5,5,4,5,5,4,4,5,4,5,5,6,5,4,4,4,5,6,4,6,5,5,4,5
emotionally_stable,female,body,526171,male,men,20.5,1,1,1,2,1,5,3,6,1,1,1,1,1,1,1,1,6,2,1,4,2,3,1,2,7,4,1,1,1,5,1,5,1,5,1,3,1,2,2,4,5,7,5,1,3,2,6,3,3,5
emotionally_stable,female,body,519542,male,women,19.7,1,1,1,4,2,1,2,1,1,4,5,1,1,1,2,1,2,2,1,3,1,1,2,2,1,1,3,2,1,3,1,2,1,2,1,1,1,2,1,3,2,1,1,2,1,1,4,2,2,4
emotionally_stable,female,body,525238,male,women,19.3,5,3,3,5,4,7,4,3,6,7,4,2,4,2,4,3,6,4,5,5,4,3,6,4,5,4,5,6,4,4,5,4,5,5,6,5,1,6,5,5,3,3,5,5,7,6,5,7,6,4
emotionally_stable,female,body,518431,male,women,47.5,4,2,4,3,4,2,4,3,6,3,2,4,3,3,4,4,4,3,4,4,4,4,4,5,3,3,3,4,3,4,4,3,2,3,2,3,2,5,6,3,3,4,3,5,4,4,3,3,3,6
emotionally_stable,female,body,528851,male,women,24.5,5,2,6,7,4,2,3,4,7,7,4,4,4,4,7,4,2,3,6,6,7,3,4,2,3,5,4,4,3,6,6,5,1,6,3,1,4,4,7,7,7,3,2,5,4,6,3,3,4,6
emotionally_stable,female,body,516444,male,women,39.6,6,5,4,5,5,4,5,5,5,5,5,4,6,6,4,5,5,5,5,4,5,4,5,5,5,5,6,6,4,6,4,5,4,5,4,5,4,6,6,4,5,4,5,6,6,5,6,4,5,6
emotionally_stable,female,body,503536,male,,28.4,5,4,3,4,3,5,5,3,3,5,3,3,3,4,5,5,4,5,3,5,5,3,3,3,3,3,3,3,5,5,5,3,3,4,5,4,3,4,3,5,3,3,3,4,5,4,3,4,3,3
emotionally_stable,female,body,525246,female,either,18.3,7,4,3,5,6,7,2,3,5,6,5,5,3,4,3,3,5,4,6,4,3,2,3,3,3,3,4,4,5,4,4,3,2,5,3,3,3,5,4,4,4,3,4,4,4,4,3,3,5,4
emotionally_stable,female,body,525797,female,,19.3,7,3,4,6,3,4,2,2,6,4,4,2,3,2,3,3,3,5,6,7,4,2,5,2,2,4,7,6,4,5,5,4,2,5,2,6,2,6,3,3,3,2,6,6,2,4,4,7,3,6
emotionally_stable,female,body,526562,female,men,41.2,4,3,5,5,5,5,4,5,5,5,5,4,5,4,5,5,5,5,5,1,5,5,5,5,1,5,5,5,4,5,5,5,5,5,4,5,3,4,5,5,4,5,4,1,5,1,5,5,5,5
emotionally_stable,female,body,524669,female,men,22.1,3,3,4,3,1,4,4,6,5,6,5,3,5,4,2,3,2,6,5,4,5,6,6,6,2,2,3,5,5,3,3,4,2,4,7,4,4,3,4,7,5,6,5,4,6,5,5,3,4,5
emotionally_stable,female,body,517854,female,men,33.2,6,4,5,5,6,5,5,4,6,5,6,5,5,5,4,6,6,6,5,5,5,5,5,6,4,6,5,5,4,5,6,6,4,7,7,6,4,6,6,7,4,3,5,7,6,6,6,6,7,6
emotionally_stable,female,body,518402,female,men,23.2,4,3,4,5,4,5,3,3,5,4,4,4,5,2,5,6,2,5,4,3,3,4,4,5,3,2,5,5,5,5,3,3,3,6,4,5,2,4,6,2,4,4,5,6,5,5,5,4,3,5
emotionally_stable,female,body,518853,female,men,20.5,4,2,5,3,4,3,5,3,4,4,4,2,4,4,6,5,5,4,4,5,3,3,4,4,5,2,4,3,5,4,3,4,3,5,2,3,3,5,5,3,3,4,2,4,3,4,5,4,4,5
emotionally_stable,female,body,519735,female,men,20.2,3,1,1,1,5,1,2,1,5,1,4,1,2,3,1,4,1,2,1,3,2,1,5,4,3,2,1,1,1,3,3,3,1,3,2,1,1,4,5,1,1,2,2,3,1,4,1,3,1,6
emotionally_stable,female,body,520529,female,men,39.4,6,4,4,4,6,4,5,5,5,5,6,6,5,5,5,5,6,5,5,5,4,4,6,4,3,4,5,5,4,4,5,4,4,4,4,5,4,4,5,6,5,5,5,5,5,5,5,6,5,5
emotionally_stable,female,body,520776,female,men,59.5,1,3,3,2,3,3,2,3,2,2,2,4,3,2,2,5,1,3,4,2,3,4,3,4,4,4,1,3,2,2,3,4,1,4,2,4,1,2,4,3,4,2,3,4,3,3,3,4,2,4
happy,female,body,521003,male,women,30.0,4,3,4,3,4,4,3,4,4,4,4,3,5,3,3,4,4,4,4,5,4,3,4,4,3,4,3,4,4,4,3,3,4,5,3,4,3,4,5,5,6,4,3,4,4,5,3,4,3,4
happy,female,body,522061,male,women,21.7,4,5,3,4,5,5,5,3,5,5,3,4,4,4,5,5,5,3,4,5,4,3,5,5,3,5,5,4,5,4,3,3,3,4,5,4,3,4,4,4,4,5,3,5,4,4,4,5,4,4
happy,female,body,522655,male,women,28.6,6,3,4,4,5,3,5,3,4,5,3,2,5,5,4,5,6,3,4,5,4,3,4,4,3,5,4,4,6,4,5,4,5,4,3,4,4,4,6,4,4,3,5,5,3,5,4,5,4,4
happy,female,body,522665,male,women,29.1,4,4,4,2,3,6,5,3,5,5,4,3,3,4,4,3,4,3,3,4,4,2,3,3,2,4,5,4,3,4,4,3,5,4,3,5,3,4,3,4,3,2,3,4,3,4,3,5,5,4
happy,female,body,525257,male,women,24.0,5,3,3,3,3,3,3,5,6,6,5,5,5,4,5,5,5,5,3,6,6,2,6,5,5,3,5,6,5,6,5,3,5,6,3,5,5,5,7,5,5,4,3,3,3,5,3,6,5,6
happy,female,body,518205,male,women,19.4,5,1,3,3,1,3,3,2,2,3,5,2,3,3,5,5,4,3,4,3,3,3,4,5,4,3,3,3,4,4,3,4,1,4,2,3,2,3,6,3,3,6,3,4,2,4,3,5,2,5
happy,female,body,519759,male,women,24.6,3,2,4,2,3,2,2,2,5,2,3,2,4,4,4,5,3,2,4,3,1,3,5,4,2,3,3,3,3,4,4,3,2,5,2,3,4,3,5,4,2,3,2,4,2,5,2,3,3,6
happy,female,body,526122,male,men,21.2,4,4,4,4,4,5,4,4,5,6,4,4,2,4,3,3,5,5,3,3,5,3,5,3,3,4,4,3,5,5,4,3,4,3,6,5,4,5,4,4,3,2,5,4,4,5,4,5,4,6
happy,female,body,526623,male,women,24.6,4,3,2,3,3,4,3,2,7,4,4,2,4,4,4,2,4,4,3,4,2,3,3,2,3,2,2,2,3,4,3,3,2,2,3,3,2,3,4,4,4,4,3,3,2,4,4,4,3,5
happy,female,body,526882,male,women,23.3,2,1,3,2,3,2,3,1,1,6,3,2,2,1,2,1,2,2,3,5,4,2,4,1,2,3,5,2,2,2,2,2,3,4,1,3,1,3,3,3,2,1,2,4,4,2,3,2,2,4
happy,female,body,518413,female,either,23.5,5,3,3,4,5,4,3,4,5,6,6,4,5,5,5,3,6,5,6,6,5,6,6,6,4,3,5,6,4,6,3,5,6,5,1,6,3,6,5,6,5,6,2,6,4,5,4,5,3,4
happy,female,body,518892,female,either,18.6,5,4,3,5,3,3,3,3,5,3,5,3,4,4,2,4,3,4,3,6,6,2,6,5,4,4,4,4,4,5,4,5,2,5,3,4,5,4,5,5,3,4,5,3,3,5,4,6,4,5
happy,female,body,517871,female,men,18.1,5,3,4,6,3,6,5,3,5,5,4,2,4,4,4,6,4,3,5,6,4,3,4,3,3,4,6,3,4,4,3,4,2,6,5,5,3,3,5,3,2,5,4,5,4,3,3,5,5,6
happy,female,body,519875,female,men,30.7,5,5,4,5,5,5,5,4,5,5,5,4,5,5,5,5,5,5,4,7,5,6,6,4,4,4,4,4,5,7,4,4,4,6,6,4,3,7,7,5,5,6,3,7,4,5,5,6,6,7
happy,female,body,520790,female,men,21.2,7,5,7,3,7,3,7,5,7,3,4,7,7,5,4,5,7,5,5,5,7,5,7,3,7,2,6,5,7,7,7,5,7,7,7,4,4,5,4,7,4,4,5,5,7,5,7,7,7,7
happy,female,body,524723,female,men,21.1,4,2,2,1,4,2,2,2,6,2,4,1,3,3,4,4,3,3,2,4,2,2,4,4,2,1,3,4,3,4,3,3,2,4,5,3,2,3,3,3,3,2,2,1,1,3,1,5,3,4
happy,female,body,525298,female,women,19.5,5,3,5,5,5,5,3,3,3,3,5,5,5,3,5,5,3,5,5,5,5,5,5,5,5,3,5,5,4,5,5,5,3,5,3,5,2,5,5,5,2,5,4,5,5,5,5,5,5,5
happy,female,body,525801,female,either,23.5,4,4,4,4,4,4,4,3,4,4,4,3,4,4,3,4,3,3,4,4,4,3,4,4,4,3,5,5,4,5,4,3,3,5,4,4,3,5,3,5,5,3,3,3,3,3,3,4,3,5
happy,female,body,526698,female,men,46.0,6,5,6,6,6,6,7,5,7,7,6,5,6,6,6,6,7,7,6,6,6,6,6,6,5,7,7,6,7,7,7,5,5,6,4,7,5,5,7,7,6,6,5,7,7,7,7,7,7,6
happy,female,body,520536,female,men,20.6,2,1,2,1,2,1,2,1,7,2,5,1,2,2,1,1,3,1,3,2,2,1,6,5,1,5,2,3,1,4,1,4,1,2,3,1,3,5,2,4,3,1,6,5,3,5,3,2,2,6
intelligent,female,body,522330,male,women,43.9,5,6,4,3,3,5,5,5,5,6,4,3,3,5,5,2,5,4,4,3,4,3,6,3,3,5,5,4,4,4,3,4,6,4,5,6,4,5,6,6,5,3,5,3,6,6,5,6,5,6
intelligent,female,body,522982,male,women,20.1,4,4,4,4,4,4,4,4,4,4,4,4,4,4,4,4,4,4,4,4,4,4,4,4,4,4,4,4,4,4,4,4,4,4,4,4,4,4,4,4,4,4,4,4,4,4,4,4,4,4
intelligent,female,body,528491,male,either,19.2,6,1,2,7,2,5,3,3,6,6,6,4,6,3,5,2,5,5,5,5,4,3,4,6,5,6,6,6,6,4,5,4,6,3,3,6,3,5,4,5,3,3,3,5,4,4,4,5,4,6
intelligent,female,body,525681,male,women,35.5,4,2,5,3,4,4,4,5,3,5,5,5,4,5,4,3,3,6,4,4,6,3,5,5,4,3,4,5,5,4,4,6,4,5,5,6,3,5,4,4,5,4,5,5,5,5,4,5,4,5
intelligent,female,body,526027,male,women,25.6,5,3,4,4,4,4,5,2,6,6,6,3,4,5,4,5,4,4,5,3,4,3,6,4,4,3,4,4,5,4,5,4,3,5,4,5,4,5,5,5,4,2,4,3,3,3,4,4,3,6
intelligent,female,body,517985,male,women,21.9,4,4,4,4,4,4,4,4,4,4,4,4,4,4,4,4,4,4,4,4,4,4,4,4,4,4,4,4,4,4,4,4,4,4,4,4,4,4,4,4,4,4,4,4,4,4,4,4,4,4
intelligent,female,body,527769,male,women,24.7,6,1,4,2,2,4,4,2,4,4,3,3,5,3,2,3,6,2,4,4,4,3,4,4,4,2,3,4,3,5,4,3,2,4,4,3,3,4,4,4,4,1,3,2,1,4,3,5,2,4
intelligent,female,body,511772,male,women,19.8,5,7,7,3,3,7,6,6,3,6,3,3,5,5,2,1,7,3,1,3,6,2,4,5,2,6,7,4,6,4,7,7,5,5,5,4,2,7,3,2,4,1,7,5,3,5,5,6,3,6
intelligent,female,body,456140,male,women,28.1,1,1,3,2,2,2,1,2,2,5,4,1,2,6,2,2,2,1,2,1,1,2,5,2,2,2,2,1,6,7,5,1,1,1,1,2,1,2,3,1,6,2,1,2,2,2,6,2,2,5
intelligent,female,body,524922,male,men,32.0,3,3,2,3,3,3,3,3,7,3,3,1,3,3,3,3,3,2,5,3,3,3,5,3,3,2,3,3,3,6,3,3,3,3,3,3,3,3,3,7,3,3,3,3,3,3,3,3,4,3
intelligent,female,body,526174,female,men,18.7,4,3,2,4,3,2,4,5,4,3,3,2,4,5,4,5,4,4,3,4,4,4,2,5,2,3,4,4,4,4,2,3,3,4,4,3,2,4,4,4,4,6,4,4,5,4,4,4,3,5
intelligent,female,body,525862,female,men,25.4,1,1,1,1,1,1,1,1,1,1,1,1,1,1,1,1,1,1,1,1,1,1,1,1,1,1,1,1,1,1,1,1,1,1,1,1,1,1,1,1,1,1,1,1,1,1,1,1,1,1
intelligent,female,body,525684,female,men,18.6,4,5,4,4,4,4,4,4,5,4,4,4,4,3,4,3,4,4,4,4,4,4,4,3,4,4,4,4,3,4,4,4,4,4,5,4,4,4,4,5,4,4,4,5,4,4,4,4,4,4
intelligent,female,body,282322,female,men,50.1,4,3,4,4,6,4,4,6,2,4,5,4,4,5,5,4,6,6,5,4,6,6,5,4,6,4,6,5,4,3,6,7,3,5,4,4,3,3,3,4,4,5,5,6,6,4,4,4,5,4
intelligent,female,body,520618,female,men,46.5,4,4,4,4,4,4,4,4,4,4,4,4,4,4,4,4,4,4,4,4,4,4,4,4,4,4,4,4,4,4,4,4,4,4,4,4,4,4,4,4,4,4,4,4,4,4,4,4,4,4
intelligent,female,body,518624,female,men,23.4,4,4,4,4,4,4,4,4,4,5,5,4,5,4,4,4,4,5,4,4,4,3,4,4,4,4,5,5,4,5,4,5,4,5,4,4,4,4,4,5,5,4,4,5,4,4,4,4,4,4
intelligent,female,body,520251,female,men,38.4,6,5,5,6,3,5,5,4,4,6,5,5,3,5,4,4,4,6,6,5,5,4,6,5,3,6,3,5,3,5,5,5,4,5,5,6,6,5,6,3,5,3,5,6,4,5,5,5,5,5
intelligent,female,body,519342,female,men,18.7,6,4,4,6,2,5,6,1,7,5,6,1,1,5,3,2,3,3,6,6,1,1,6,3,4,7,3,6,6,6,6,5,1,6,1,1,1,6,5,1,1,1,5,5,3,6,1,1,1,6
intelligent,female,body,518248,female,men,22.4,5,3,3,3,2,3,5,2,3,4,2,3,2,4,3,2,4,2,6,5,5,3,2,2,3,5,5,3,3,4,5,3,3,5,3,5,2,4,5,5,1,2,2,5,2,3,3,5,3,5
intelligent,female,body,462036,female,women,18.8,4,4,4,5,4,4,4,4,4,4,4,4,4,4,4,4,4,4,4,6,4,4,4,4,4,4,4,7,4,4,4,4,4,4,4,4,4,4,4,4,4,4,4,4,3,4,4,4,4,4
mean,female,body,525921,male,women,19.4,2,1,6,4,4,5,3,3,7,4,3,1,4,5,7,4,4,1,5,2,1,3,3,5,2,4,3,5,5,2,2,4,5,4,3,5,2,5,7,6,5,6,2,4,1,6,4,5,4,7
mean,female,body,528343,male,women,34.5,4,3,4,3,3,3,3,3,7,4,5,2,4,3,6,3,3,3,4,5,4,3,4,5,3,3,3,4,3,3,4,3,3,4,4,3,3,4,6,5,3,3,3,2,3,4,3,5,3,7
mean,female,body,528009,male,men,18.2,2,1,3,2,1,3,1,1,2,4,2,1,3,2,3,2,1,1,3,2,4,1,3,2,1,3,3,3,3,3,2,2,2,3,2,2,2,3,3,1,1,2,2,2,3,3,3,2,2,2
mean,female,body,525050,male,women,30.2,4,2,2,2,2,4,4,1,5,4,2,1,2,5,3,1,3,3,2,2,3,1,2,2,1,5,2,3,5,4,3,2,2,4,4,4,1,4,3,4,3,2,4,3,2,4,2,4,2,5
mean,female,body,521812,male,women,38.0,4,4,5,5,6,2,3,4,6,4,5,5,3,5,5,6,4,4,4,5,4,5,6,6,4,4,4,4,3,5,4,4,4,5,3,4,4,4,3,5,4,6,4,5,5,4,5,3,6,3
mean,female,body,520729,male,women,21.6,4,2,4,3,3,4,3,4,7,3,4,2,3,3,3,6,4,3,3,3,3,3,6,5,4,3,3,4,3,5,4,5,2,4,3,4,4,4,5,4,3,3,3,5,4,5,3,4,3,5
mean,female,body,518901,male,women,26.1,2,5,5,4,2,1,2,7,3,2,3,2,6,4,5,5,5,4,4,1,2,7,3,7,5,3,6,3,1,1,2,6,5,2,5,2,5,2,5,2,2,6,3,1,3,3,2,1,5,1
mean,female,body,121348,male,women,28.2,4,3,3,5,2,4,5,3,5,4,5,2,4,3,3,3,5,2,4,4,4,3,4,4,3,3,4,4,4,4,4,5,2,4,4,4,3,4,4,4,2,3,4,2,3,4,4,4,3,4
mean,female,body,518178,male,women,21.7,2,6,5,2,5,5,5,5,4,4,7,6,3,6,3,2,6,5,4,4,3,2,3,3,4,5,6,4,4,4,4,4,7,5,6,4,6,5,1,5,4,3,3,5,7,4,4,3,4,2
mean,female,body,493246,male,men,36.7,4,6,5,5,5,5,6,6,3,4,5,7,4,5,5,3,5,6,3,2,4,6,4,4,4,4,4,2,4,4,4,4,5,3,5,4,6,4,3,3,5,4,5,3,5,5,6,4,4,3
mean,female,body,518332,female,women,25.0,5,2,6,2,2,5,3,3,6,4,3,2,6,2,2,4,2,3,4,1,5,5,5,3,2,3,2,5,5,7,3,4,3,3,3,5,4,5,6,3,5,2,3,3,3,6,2,5,2,6
mean,female,body,520469,female,men,30.1,4,3,2,6,4,1,2,3,5,3,3,2,4,3,5,5,3,4,4,4,3,3,5,5,6,5,4,3,4,4,4,4,3,3,5,5,5,4,4,2,4,5,4,5,4,4,3,2,4,3
mean,female,body,526013,female,men,47.2,5,1,3,4,5,5,4,6,6,2,3,1,4,2,4,7,5,3,4,4,4,2,7,2,7,7,1,6,1,3,4,6,1,2,2,3,1,3,7,3,3,5,5,7,4,6,4,3,5,7
mean,female,body,525758,female,men,32.3,5,1,1,1,1,4,6,3,1,2,3,1,1,1,1,1,5,1,1,3,3,1,5,1,1,2,1,2,3,2,3,1,1,2,3,4,2,6,1,1,1,1,2,4,2,1,2,2,1,5
mean,female,body,524986,female,men,27.9,2,1,2,2,1,2,2,3,2,2,2,1,3,2,2,4,2,1,2,2,2,3,2,2,4,2,3,2,2,1,2,1,2,1,4,2,3,3,2,1,1,2,2,2,2,2,2,2,4,2
mean,female,body,517796,female,men,21.7,2,2,4,3,5,4,2,2,5,3,4,2,4,4,4,6,4,3,3,3,2,3,4,5,4,3,2,3,3,4,3,2,3,4,2,3,3,3,5,4,3,2,4,4,2,5,3,4,4,4
mean,female,body,520733,female,men,23.1,1,1,1,1,1,1,1,1,1,1,1,1,1,1,1,1,1,1,1,1,1,1,1,1,1,1,1,1,1,1,1,1,1,1,1,1,1,1,1,1,1,1,1,1,1,1,1,1,1,1
mean,female,body,519600,female,men,22.1,3,3,3,6,2,5,3,3,6,4,3,2,2,2,3,5,7,2,3,4,4,1,5,7,3,6,5,4,3,5,4,3,2,5,3,5,2,6,4,5,2,1,3,6,3,6,4,5,4,6
mean,female,body,518709,female,either,23.3,3,2,5,4,3,3,4,3,5,4,4,2,5,4,6,4,5,3,4,4,3,3,4,5,4,2,3,5,5,2,4,3,3,4,3,4,2,4,5,4,2,5,5,3,2,4,4,2,3,4
mean,female,body,524367,female,either,25.6,3,4,4,3,6,2,4,6,3,4,3,4,4,5,5,7,5,6,4,1,6,3,3,6,6,2,4,4,2,4,4,6,6,6,5,5,6,4,3,4,4,5,5,4,4,4,6,4,3,6
responsible,female,body,525241,male,women,27.1,5,5,5,5,5,5,5,5,5,5,5,5,5,5,5,5,5,5,5,5,5,5,5,5,5,5,5,5,5,5,5,5,5,5,5,5,5,5,6,5,5,4,5,5,5,5,5,5,5,5
responsible,female,body,528202,male,women,44.3,2,1,2,1,2,2,3,1,4,4,1,1,2,1,2,2,2,2,2,4,2,1,4,2,2,2,3,3,1,2,2,3,1,3,1,3,1,2,4,2,1,1,3,4,4,3,2,2,2,5
responsible,female,body,520710,male,men,20.3,5,3,4,5,3,6,5,5,4,7,4,3,4,4,4,5,5,4,5,4,4,5,4,6,3,6,5,6,4,5,4,4,4,4,3,6,3,5,6,3,4,3,4,6,4,5,5,6,3,6
responsible,female,body,525035,male,women,31.4,3,2,4,6,2,5,4,4,4,5,3,2,3,5,4,1,7,3,4,6,4,3,4,3,6,4,5,5,5,2,3,3,6,6,2,5,4,7,6,3,5,2,5,4,4,4,4,5,4,7
responsible,female,body,518533,male,women,74.7,4,6,5,5,5,5,5,5,4,5,5,5,5,4,5,4,5,6,5,5,4,6,5,5,6,5,5,5,5,4,5,4,6,5,5,6,6,5,4,6,5,6,5,5,5,5,6,5,5,4
responsible,female,body,523510,male,women,20.6,6,3,4,3,4,3,4,4,5,4,5,3,5,5,3,3,5,5,5,3,3,4,4,4,3,3,4,4,3,5,4,3,3,5,5,3,3,5,6,4,3,3,5,4,5,5,4,5,3,5
responsible,female,body,507686,male,women,26.0,2,1,5,4,2,1,4,1,7,3,2,1,3,2,6,4,1,1,4,2,3,3,4,7,3,1,4,5,1,2,1,3,1,5,5,2,3,5,6,4,2,7,4,4,4,5,1,4,1,3
responsible,female,body,522375,male,women,39.0,3,3,4,4,2,4,5,3,4,4,5,4,4,4,4,4,4,4,4,3,3,2,4,3,4,3,4,4,4,2,3,3,4,4,1,4,4,4,5,4,3,3,3,3,4,4,4,4,4,4
responsible,female,body,521769,male,either,27.7,6,7,6,5,5,6,4,5,5,6,6,3,6,4,7,7,5,6,5,6,6,4,5,6,4,5,5,5,5,6,4,4,5,6,6,3,4,6,4,5,6,6,5,6,4,6,6,5,4,5
responsible,female,body,525885,male,women,34.9,6,6,3,6,4,4,4,4,3,5,4,3,2,3,3,2,6,3,4,4,3,1,4,3,2,6,4,4,6,5,4,4,5,4,6,5,5,6,4,2,4,1,5,5,4,4,4,5,3,5
responsible,female,body,520718,female,men,23.2,6,1,6,7,7,7,6,6,6,6,6,5,5,5,4,5,7,3,7,5,4,3,7,7,7,3,7,4,6,5,3,6,6,7,7,7,7,7,4,4,7,3,7,5,6,7,6,7,5,5
responsible,female,body,520368,female,men,19.8,1,1,4,3,1,2,3,2,4,2,2,1,2,3,6,5,1,3,2,3,1,1,2,5,2,1,1,4,1,2,2,1,1,2,1,1,1,1,2,5,2,6,1,3,1,4,2,2,1,3
responsible,female,body,517757,female,either,27.6,5,4,2,6,3,6,4,5,5,5,6,3,3,5,3,3,5,3,6,3,5,2,5,4,3,5,4,6,4,5,4,3,4,6,1,4,5,6,5,2,3,5,5,3,6,4,4,3,3,5
responsible,female,body,519566,female,men,25.7,3,1,4,4,4,4,3,2,7,6,7,4,3,4,5,6,5,2,6,5,2,4,5,7,5,2,2,3,3,4,4,3,4,5,3,6,3,7,6,5,2,3,6,6,2,6,4,3,3,7
responsible,female,body,518679,female,men,24.9,5,5,5,5,3,5,4,6,6,7,5,4,4,6,5,4,5,4,6,6,6,4,6,6,4,6,6,6,5,5,5,4,5,7,6,5,4,6,6,5,5,5,5,5,5,5,5,5,6,5
responsible,female,body,518290,female,men,20.4,4,4,3,3,3,4,3,3,4,4,4,4,5,4,3,4,4,4,4,4,4,4,4,4,4,3,4,4,4,4,4,4,4,4,4,4,3,3,4,4,4,4,3,4,4,4,4,3,4,5
responsible,female,body,524359,female,men,20.2,5,3,3,3,3,3,3,5,4,6,4,3,3,3,2,3,5,2,2,3,4,2,4,2,2,3,4,4,3,4,4,3,3,4,4,5,4,5,5,3,4,1,4,4,3,3,3,6,3,6
responsible,female,body,524973,female,men,40.2,1,6,1,1,1,2,6,3,1,1,2,1,1,1,1,1,1,1,1,1,1,1,3,1,1,1,1,1,1,1,1,2,2,3,7,2,1,7,1,1,1,1,7,2,1,6,1,1,1,2
responsible,female,body,525728,female,men,23.1,5,4,5,3,4,4,6,4,6,4,4,7,4,6,3,4,7,4,3,3,6,3,6,6,3,3,3,4,4,3,4,3,5,5,4,5,3,6,3,5,4,3,5,4,3,6,2,4,3,7
responsible,female,body,525970,female,either,35.5,3,1,4,4,6,3,1,4,6,3,2,2,3,2,2,4,5,3,3,4,6,3,6,6,3,5,7,6,2,2,3,5,2,2,3,5,5,7,6,5,4,2,5,6,4,6,3,6,3,4
sociable,female,body,520498,male,women,25.1,2,1,2,3,1,2,1,2,4,2,2,1,2,2,5,2,2,1,3,4,2,2,1,3,2,2,1,2,1,3,2,1,2,3,1,1,2,1,3,3,1,3,1,1,1,3,1,4,3,3
sociable,female,body,521688,male,women,37.7,3,1,5,2,2,1,4,3,5,3,3,1,2,3,4,2,1,2,2,3,2,2,3,2,2,2,3,5,2,3,6,3,2,2,3,3,2,6,2,2,2,1,2,5,5,4,2,2,2,2
sociable,female,body,491468,male,women,62.6,5,6,4,5,2,3,3,4,5,5,6,3,5,4,3,5,3,3,4,4,4,5,3,5,4,2,3,4,2,1,4,3,2,4,2,2,1,4,5,5,4,6,4,3,2,3,5,2,3,4
sociable,female,body,522331,male,either,18.5,4,3,5,4,4,4,4,3,5,5,5,2,3,5,5,3,4,3,4,6,5,3,4,5,4,4,3,5,6,5,4,4,3,4,4,5,4,5,4,4,4,3,4,4,4,5,4,6,4,5
sociable,female,body,524957,male,women,25.1,5,3,4,4,3,7,6,5,4,4,5,5,4,5,3,3,3,4,4,6,5,4,2,3,4,5,6,5,5,5,5,5,6,5,3,6,3,4,6,3,2,2,5,5,5,5,7,4,3,6
sociable,female,body,527454,male,women,19.6,5,5,4,2,4,4,3,1,3,4,6,3,4,5,5,3,4,2,2,5,4,1,5,1,3,3,3,4,5,6,4,6,2,3,4,6,5,5,6,4,2,1,3,3,4,6,6,6,3,5
sociable,female,body,528126,male,women,19.1,5,2,3,5,4,3,5,5,4,3,3,3,4,3,4,3,2,4,4,4,5,2,3,4,4,4,4,4,2,5,3,4,4,3,4,5,2,3,4,4,3,2,4,4,4,5,5,4,4,4
sociable,female,body,524163,male,,36.1,6,6,2,2,3,2,4,3,4,4,5,2,2,4,2,1,3,2,4,2,2,1,4,4,2,5,5,3,3,4,6,3,3,5,3,4,4,5,4,2,4,1,5,5,4,2,2,4,2,6
sociable,female,body,485524,male,women,30.5,4,6,2,4,2,2,6,5,6,3,4,2,3,4,4,7,5,4,5,6,5,3,5,5,5,2,5,4,4,5,3,2,3,5,4,5,5,6,6,4,3,3,4,5,3,6,3,5,5,5
sociable,female,body,517748,male,women,18.6,3,2,4,4,4,1,5,1,7,3,2,1,5,3,5,6,3,3,2,2,3,5,5,5,5,1,4,2,2,5,3,2,2,4,3,2,1,4,4,6,2,4,2,4,4,7,3,4,3,4
sociable,female,body,525880,female,,18.8,5,4,4,4,3,6,5,3,7,5,6,5,5,4,4,4,6,4,4,5,5,3,5,5,5,6,5,4,4,5,6,5,3,6,4,3,3,6,5,3,2,5,6,6,5,4,5,6,5,6
sociable,female,body,525687,female,men,27.7,5,3,4,3,3,3,3,3,6,4,3,2,4,3,5,5,4,4,4,4,5,3,3,5,3,3,4,3,3,4,3,3,3,4,4,4,2,3,5,3,3,5,3,4,3,5,4,4,3,4
sociable,female,body,524969,female,men,19.9,4,4,6,6,5,4,5,5,6,7,5,4,3,5,4,3,7,3,4,4,6,1,5,3,3,4,4,5,3,5,5,4,4,6,2,6,3,6,6,7,5,1,6,6,5,6,3,4,5,6
sociable,female,body,524273,female,men,19.3,5,1,4,6,3,4,3,3,2,5,4,1,3,1,4,3,2,3,4,4,4,1,4,4,3,2,2,4,4,3,3,1,1,4,2,6,1,5,3,1,3,2,3,4,1,2,3,3,4,3
sociable,female,body,520290,female,women,22.2,7,3,4,5,4,3,3,3,7,5,5,3,4,4,3,3,4,3,5,4,5,2,4,3,4,3,4,5,5,5,4,6,6,5,5,6,2,7,5,3,4,2,4,5,3,5,5,5,6,7
sociable,female,body,519343,female,men,21.5,2,4,2,6,2,5,6,4,6,3,5,2,2,4,3,3,5,3,2,2,2,2,5,5,3,4,2,3,3,6,3,3,2,6,1,6,1,6,5,4,2,1,2,6,2,3,3,3,3,6
sociable,female,body,518671,female,either,23.0,4,2,5,5,5,3,4,3,7,4,5,2,5,4,4,5,5,5,5,5,4,3,5,6,4,4,4,5,4,5,3,3,3,4,3,4,4,5,6,6,3,3,3,5,3,5,3,4,3,6
sociable,female,body,518071,female,men,18.3,3,2,4,3,6,4,3,3,6,4,5,1,4,4,4,6,3,5,3,5,5,1,5,5,2,4,4,2,2,5,2,2,1,6,2,3,2,4,7,3,3,5,1,5,6,5,3,5,2,6
sociable,female,body,513713,female,either,19.1,4,1,1,2,3,1,2,3,7,5,5,3,4,5,3,3,4,1,1,1,5,1,7,2,2,2,3,6,3,6,3,2,3,5,1,3,1,4,2,7,1,2,1,5,2,5,2,5,3,7
sociable,female,body,446080,female,men,30.4,5,2,3,4,3,3,5,2,7,6,6,2,2,2,6,3,6,1,4,5,3,2,5,3,2,3,4,3,5,5,3,3,3,5,5,5,6,6,6,5,2,4,5,3,4,3,3,6,2,5
trustworthy,female,body,526589,male,women,27.1,5,1,4,3,2,3,5,2,6,5,4,1,3,3,6,4,2,2,4,5,5,1,3,3,2,2,2,5,4,5,5,4,4,4,6,4,3,3,5,3,3,2,4,2,3,5,5,5,3,5
trustworthy,female,body,520850,male,either,19.6,5,3,5,5,5,5,5,5,5,5,3,5,5,3,5,5,5,5,5,5,5,5,5,5,5,5,5,5,5,5,5,5,4,5,5,5,5,5,5,5,5,5,5,5,5,5,5,5,5,5
trustworthy,female,body,525221,male,women,36.5,5,4,4,5,4,4,6,3,4,4,4,4,3,5,4,3,5,4,4,3,5,3,4,3,3,4,4,3,5,5,5,4,4,4,4,5,4,5,4,4,3,3,3,4,4,4,4,5,4,4
trustworthy,female,body,519257,male,women,53.2,5,5,5,5,6,5,5,5,6,5,5,5,6,5,5,5,5,5,5,5,5,6,5,5,5,5,5,5,5,5,5,5,5,5,5,5,4,5,6,5,6,7,5,5,5,5,5,5,5,4
trustworthy,female,body,524456,male,women,29.8,4,4,4,4,4,3,4,4,4,4,4,4,4,4,4,4,4,4,3,4,4,4,4,4,4,3,4,4,4,4,4,3,4,4,4,4,4,4,4,4,4,4,4,3,4,4,4,4,4,4
trustworthy,female,body,518138,male,men,21.9,5,6,6,5,4,3,4,6,3,3,6,5,5,6,6,5,5,6,3,4,6,4,6,5,2,5,3,6,5,5,6,3,2,5,6,5,4,6,5,4,2,3,6,4,4,6,5,6,5,6
trustworthy,female,body,522395,male,men,51.0,2,2,2,2,2,2,2,2,2,2,2,2,2,2,2,4,2,2,2,2,2,2,2,2,2,4,2,5,6,2,2,2,2,2,2,3,2,2,2,2,5,2,2,3,2,2,2,2,3,2
trustworthy,female,body,522041,male,women,23.5,3,2,2,2,3,2,2,2,3,3,2,2,3,2,2,1,2,2,3,2,3,2,2,2,2,2,3,2,4,3,2,2,2,2,2,2,3,3,2,3,4,1,3,2,2,3,2,3,2,3
trustworthy,female,body,528200,male,either,41.5,4,1,1,1,2,1,1,1,7,1,1,2,1,1,1,1,1,1,1,2,1,1,4,3,1,1,1,1,1,1,5,1,1,1,1,3,1,2,1,1,4,1,1,1,1,3,1,1,1,5
trustworthy,female,body,526011,male,women,43.7,5,3,5,5,5,5,4,5,5,5,5,6,5,5,6,4,3,5,5,5,5,5,3,5,5,5,4,5,5,5,5,4,5,4,5,5,5,5,4,5,5,5,4,3,5,3,5,5,5,4
trustworthy,female,body,524579,female,men,19.3,2,2,3,2,4,3,3,3,5,4,5,2,5,3,2,5,3,3,2,3,3,3,5,2,2,4,2,4,2,5,5,2,2,5,4,2,2,4,5,5,5,3,3,6,5,5,2,4,4,5
trustworthy,female,body,525160,female,men,22.8,2,2,5,3,3,5,3,3,4,1,2,1,4,2,4,2,5,3,5,5,4,6,1,6,4,1,4,3,5,3,4,2,3,3,2,5,1,2,5,5,3,5,3,5,4,3,3,2,5,5
trustworthy,female,body,525795,female,men,23.1,5,1,2,2,4,2,3,3,6,3,4,3,4,4,5,5,3,2,4,4,2,5,5,6,4,3,3,2,4,4,3,2,2,4,3,3,3,2,5,4,3,6,3,5,1,5,3,4,3,5
trustworthy,female,body,526441,female,men,36.1,3,2,2,5,3,3,3,3,6,4,5,1,4,4,3,3,4,4,6,5,5,4,5,5,4,5,4,5,3,4,5,4,2,5,5,2,4,5,5,3,3,4,4,5,2,5,4,4,3,6
trustworthy,female,body,520496,female,men,19.9,4,1,1,1,4,2,3,1,5,2,4,1,4,3,1,4,4,1,2,2,3,2,4,4,1,3,2,1,2,2,1,1,1,5,3,3,1,5,4,3,2,2,2,1,3,5,4,4,4,4
trustworthy,female,body,519630,female,men,24.2,1,1,1,1,1,1,1,1,3,1,1,1,1,1,1,4,1,1,1,1,1,1,1,1,1,1,1,1,1,1,1,1,1,1,1,1,1,1,1,3,1,3,1,1,1,1,1,1,1,1
trustworthy,female,body,518845,female,men,27.8,6,2,3,3,4,3,2,2,4,2,1,1,2,4,3,1,1,3,2,1,4,2,2,1,2,1,3,5,3,4,3,3,2,3,1,3,1,2,2,2,2,4,1,3,5,4,4,3,3,4
trustworthy,female,body,518369,female,women,22.5,4,4,4,4,4,4,4,4,4,4,4,4,4,4,4,4,4,4,4,4,4,4,4,4,4,4,4,4,4,4,4,4,4,4,4,4,4,4,4,4,4,4,4,4,4,4,4,4,4,4
trustworthy,female,body,517839,female,either,18.0,3,4,6,4,5,3,3,3,5,2,6,2,3,2,4,3,5,4,7,5,4,7,4,3,6,6,6,2,3,4,6,5,2,3,2,2,5,3,3,4,3,6,5,6,5,6,3,3,5,5
trustworthy,female,body,520766,female,men,24.2,3,2,4,6,4,2,3,3,6,5,3,1,5,3,5,6,5,3,4,3,4,5,5,5,4,5,4,5,6,3,1,3,3,5,2,4,6,6,6,2,2,5,2,4,2,5,2,3,4,5
weird,female,body,528312,male,women,35.3,6,7,1,5,3,5,4,3,1,2,4,7,7,4,6,1,4,5,4,5,4,4,3,1,4,4,5,1,6,3,6,7,5,7,5,4,7,1,4,1,5,5,7,4,6,1,6,4,4,1
weird,female,body,525336,male,women,42.3,3,2,2,6,4,3,6,5,5,6,6,4,2,4,2,3,6,2,3,2,6,2,5,2,3,5,3,4,4,4,5,4,3,4,6,2,5,6,3,3,5,2,4,4,5,6,4,6,4,6
weird,female,body,526220,male,men,22.2,4,7,7,6,7,5,7,7,5,5,4,7,4,6,6,7,5,7,6,5,4,7,5,6,6,7,7,5,7,7,5,7,7,4,7,5,7,6,5,4,7,6,7,6,7,5,7,7,5,7
weird,female,body,522849,male,women,22.6,3,4,5,4,4,3,3,4,1,2,2,7,4,4,5,2,6,6,4,2,3,5,2,3,3,2,3,2,5,2,4,4,6,1,5,3,6,3,2,2,3,3,4,3,3,1,3,1,3,1
weird,female,body,522086,male,women,29.3,2,6,5,4,5,5,3,5,6,2,4,5,5,4,5,5,5,6,4,3,4,5,5,4,4,6,2,4,5,3,4,4,5,2,5,4,4,2,5,7,5,5,5,4,4,2,4,4,5,4
weird,female,body,521200,male,women,26.0,4,6,5,3,4,4,4,5,5,3,4,6,5,5,5,6,5,5,4,3,4,4,4,5,5,5,3,3,5,4,3,3,4,6,4,3,3,4,5,3,4,6,5,6,4,5,4,4,3,4
weird,female,body,520018,male,either,21.8,1,1,2,1,1,1,1,1,1,1,1,1,1,1,1,1,1,1,1,1,1,1,1,1,1,1,1,1,1,2,1,1,1,1,1,1,1,1,1,1,2,2,1,1,1,1,1,1,1,1
weird,female,body,248473,male,women,40.1,2,4,1,2,3,3,4,3,2,1,4,5,2,2,1,1,1,4,2,1,3,4,1,2,2,1,3,1,1,2,1,5,4,1,5,4,4,1,2,1,4,2,4,2,3,1,3,1,2,1
weird,female,body,518682,male,women,23.6,3,6,6,5,5,4,5,4,3,3,3,6,3,5,4,5,5,5,3,1,6,5,3,5,5,5,4,3,5,2,6,5,6,3,5,5,6,5,3,3,5,4,4,5,4,5,4,2,5,3
weird,female,body,457452,male,women,28.3,4,7,1,4,7,7,7,7,1,7,4,7,4,5,5,7,7,7,5,4,5,7,4,4,7,7,4,4,7,5,7,1,7,7,7,7,5,4,4,5,7,7,7,4,5,7,7,4,5,1
weird,female,body,519082,female,men,21.9,1,4,2,1,3,3,1,3,1,1,1,3,1,2,3,1,1,1,1,1,3,4,1,1,2,3,1,1,1,1,1,1,4,1,1,1,3,1,1,3,3,3,1,1,3,1,3,1,1,1
weird,female,body,525818,female,either,24.4,2,7,4,4,5,6,3,5,1,2,5,7,3,2,4,2,2,4,4,2,2,5,2,4,5,6,2,3,2,3,2,4,6,3,4,4,7,1,2,3,3,3,6,3,6,2,3,3,2,2
weird,female,body,525453,female,either,18.8,1,1,1,1,1,1,1,1,1,1,1,2,1,1,1,1,1,1,1,1,1,1,1,1,1,1,1,1,1,1,1,1,1,1,1,1,2,1,1,1,1,1,1,1,1,1,1,1,1,1
weird,female,body,524743,female,either,27.5,1,4,1,1,1,1,1,1,1,1,1,1,3,4,1,3,3,2,1,1,1,1,1,1,1,1,1,1,1,1,3,1,1,1,1,1,5,1,1,4,2,4,1,1,1,1,1,1,1,1
weird,female,body,524117,female,men,49.6,2,2,3,2,3,4,3,3,2,2,3,3,3,3,3,2,3,4,2,3,2,3,2,2,3,2,2,3,3,2,2,3,3,2,2,2,3,2,3,2,3,3,2,2,3,2,2,2,3,1
weird,female,body,526847,female,either,23.9,1,3,3,1,2,1,1,2,2,1,2,1,3,2,3,3,2,2,2,2,2,3,1,1,3,1,2,2,1,2,1,3,3,1,1,1,2,1,2,3,2,3,1,2,2,3,2,1,1,1
weird,female,body,517919,female,men,24.4,5,6,6,4,3,7,1,1,1,4,5,6,5,5,6,3,6,2,6,7,2,6,2,5,6,5,3,3,5,7,4,6,5,7,5,5,5,4,5,2,5,6,6,7,5,5,6,5,6,5
weird,female,body,518455,female,men,30.9,2,4,2,2,3,3,2,2,2,3,2,4,2,2,4,2,2,2,2,2,4,4,2,3,2,4,2,2,4,4,2,2,3,3,2,2,4,2,2,4,2,4,2,2,2,3,2,2,2,2
weird,female,body,519901,female,men,44.6,1,3,1,1,2,3,1,3,4,1,3,3,3,2,1,1,1,3,1,2,1,3,2,1,3,4,1,1,2,1,2,1,4,1,1,2,4,1,2,4,3,2,4,1,4,1,1,1,1,1
weird,female,body,520551,female,either,22.4,4,4,1,4,1,1,2,2,1,1,2,1,1,1,1,1,4,1,2,1,2,1,2,1,1,1,1,1,1,3,3,2,1,1,4,1,2,1,2,3,1,1,1,1,1,1,1,1,1,4
aggressive,female,faces,519989,male,women,31.8,7,5,3,3,2,2,3,2,6,3,4,4,2,3,4,6,6,1,1,2,3,4,5,4,2,5,4,3,2,3,5,3,4,3,2,2,2,2,3,3,2,4,2,3,3,1,2,3,5,3
aggressive,female,faces,526946,male,women,30.9,3,6,2,4,3,3,3,2,6,3,4,3,1,4,2,2,5,3,5,1,6,6,4,5,3,5,3,3,4,4,7,2,4,1,5,4,6,3,5,3,4,2,3,4,3,4,4,1,5,6
aggressive,female,faces,525210,male,either,21.5,7,5,4,3,3,4,6,4,6,5,5,4,3,4,4,5,5,3,4,4,5,4,6,5,5,3,6,5,3,5,5,3,5,5,4,4,4,5,6,4,4,7,4,5,5,4,4,1,4,5
aggressive,female,faces,521450,male,women,50.9,5,5,5,1,4,2,4,4,5,3,5,3,3,3,5,3,5,6,3,3,3,4,3,2,5,4,4,3,4,6,6,3,3,4,4,4,4,3,5,4,3,4,4,4,3,2,3,3,5,6
aggressive,female,faces,521451,male,women,23.1,3,3,4,5,5,4,3,3,4,3,3,3,3,4,2,4,4,4,3,4,4,4,5,4,3,6,5,3,4,4,2,4,3,4,3,4,4,4,3,2,5,3,4,4,5,3,4,5,4,4
aggressive,female,faces,523371,male,women,36.6,6,4,4,3,4,5,5,4,5,5,4,5,5,3,5,4,3,5,6,3,5,2,4,2,2,2,4,4,4,4,4,4,3,4,4,2,3,5,4,2,2,5,4,4,4,4,2,3,3,3
aggressive,female,faces,526422,male,either,22.0,7,4,4,4,2,3,3,5,5,3,5,3,4,2,4,4,5,3,5,2,5,3,4,4,5,4,4,3,5,5,5,4,6,5,3,2,4,2,5,6,6,5,3,3,4,4,5,2,3,4
aggressive,female,faces,527160,male,women,19.1,7,6,3,2,3,1,3,4,1,6,6,7,1,4,7,4,7,3,4,3,6,4,7,4,1,3,3,3,3,5,5,3,3,2,2,1,7,1,2,3,4,4,3,4,3,6,3,1,5,2
aggressive,female,faces,518005,male,women,28.4,5,5,4,3,5,5,5,2,4,4,4,3,5,3,3,4,4,4,4,4,4,4,5,5,3,3,4,4,5,3,4,3,4,4,3,3,4,2,4,4,4,4,3,3,4,3,4,3,4,3
aggressive,female,faces,527111,male,women,31.1,4,5,5,4,5,2,6,4,4,4,4,4,4,4,3,3,5,4,3,4,5,5,4,3,3,4,5,5,5,4,6,3,5,4,4,5,4,4,4,5,4,5,4,4,3,3,4,4,6,4
aggressive,female,faces,526986,female,women,33.8,4,6,6,3,3,3,6,3,4,5,4,5,5,5,5,5,3,3,6,4,4,4,6,5,3,5,5,5,3,4,3,4,3,5,4,3,3,4,4,5,3,4,3,4,6,4,5,4,5,3
aggressive,female,faces,527070,female,men,20.4,4,4,4,4,4,4,4,4,4,3,4,5,4,4,2,4,2,4,3,4,4,4,4,4,4,3,4,4,4,4,2,4,5,4,4,4,4,4,4,4,4,4,4,2,4,4,2,4,4,4
aggressive,female,faces,526907,female,men,21.3,3,3,3,2,3,3,3,3,4,4,3,4,3,3,4,4,5,2,3,3,3,3,4,3,3,3,3,4,3,3,3,3,3,4,3,3,3,3,4,3,3,4,4,3,3,3,3,3,3,3
aggressive,female,faces,518365,female,men,26.0,5,2,1,6,1,2,4,1,5,1,1,6,1,1,1,2,6,3,1,1,5,1,1,1,1,1,1,3,1,1,1,1,1,1,1,1,1,1,1,1,1,4,6,1,1,1,1,2,3,1
aggressive,female,faces,526221,female,either,22.0,7,6,7,1,3,3,5,2,2,1,7,2,7,4,5,2,6,4,6,4,6,2,7,3,6,5,4,5,7,4,5,5,5,3,4,3,6,4,6,6,7,6,4,4,7,3,6,5,5,5
aggressive,female,faces,525834,female,men,23.9,7,3,5,2,3,3,6,4,2,6,2,5,3,4,6,3,5,5,3,3,2,3,4,5,2,4,3,4,6,3,2,3,7,7,2,2,3,2,5,3,3,2,5,4,2,4,2,1,3,4
aggressive,female,faces,519872,female,men,19.1,5,2,4,1,4,5,5,5,4,4,5,4,2,4,4,4,3,4,5,4,5,3,4,3,4,5,3,5,5,3,4,6,5,2,4,3,2,5,5,5,2,6,7,4,5,3,3,3,3,3
aggressive,female,faces,518807,female,either,24.6,5,4,3,1,1,5,6,3,6,5,5,5,4,4,3,4,4,2,4,2,6,2,3,3,1,4,5,3,3,4,5,3,7,4,4,2,5,2,1,5,4,5,3,4,3,3,4,2,4,4
aggressive,female,faces,519333,female,either,23.9,6,7,1,1,1,7,5,1,7,3,1,1,1,2,2,1,2,1,5,1,6,1,2,1,1,1,1,1,1,1,4,6,5,2,5,2,1,1,2,1,2,2,4,1,2,1,2,2,6,6
aggressive,female,faces,520333,female,men,18.3,6,5,4,3,2,4,6,3,6,3,4,5,5,2,3,5,5,3,4,3,6,3,4,3,4,4,3,4,4,5,5,4,6,5,3,3,5,4,4,3,4,5,2,4,4,4,4,4,4,5
aggressive,female,faces,524601,female,men,27.6,7,4,5,4,3,4,4,3,3,5,4,6,2,5,5,5,3,2,5,5,5,3,5,2,4,5,5,7,4,6,5,4,5,6,3,5,4,3,6,2,5,4,4,5,4,4,5,5,5,5
aggressive,female,faces,525293,female,either,19.9,6,1,7,4,1,1,5,2,6,3,5,4,1,1,1,1,3,1,1,1,5,1,6,2,3,1,2,1,2,2,5,1,1,3,5,2,5,3,6,5,1,6,1,1,5,1,3,1,1,2
attractive,female,faces,503536,male,,28.4,6,5,3,6,6,4,3,3,5,5,3,4,5,5,3,5,4,5,3,4,3,6,6,4,5,3,5,5,6,5,5,5,3,5,5,3,6,4,5,6,6,3,4,4,6,5,6,5,3,5
attractive,female,faces,518829,male,women,21.6,1,2,1,1,1,1,1,1,1,1,1,1,1,1,1,1,1,1,1,1,1,1,1,1,1,1,1,1,1,1,1,2,3,1,1,1,1,2,1,1,1,1,1,1,1,2,1,1,1,1
attractive,female,faces,521967,male,women,19.9,2,5,1,5,4,4,2,2,2,1,1,1,2,3,1,3,1,3,5,2,2,4,2,4,2,2,2,3,2,1,4,4,3,2,4,3,3,3,1,1,2,1,2,1,2,2,2,2,2,3
attractive,female,faces,522978,male,women,37.6,2,2,1,4,1,4,4,1,4,2,5,4,1,2,1,5,3,2,3,4,3,5,4,1,4,4,4,3,4,4,4,1,6,2,1,1,4,4,5,4,4,1,4,2,4,3,4,4,6,1
attractive,female,faces,523656,male,women,41.9,3,5,4,5,3,3,4,2,4,4,4,2,4,3,3,4,2,4,3,3,3,5,4,5,3,3,6,4,3,4,6,3,4,4,4,5,5,4,3,6,5,2,3,4,4,3,5,2,4,5
attractive,female,faces,525606,male,women,29.9,4,4,2,4,5,3,3,2,3,1,4,1,3,3,3,4,2,3,3,3,5,4,3,5,2,4,3,2,1,1,5,5,3,3,5,3,6,4,1,3,1,3,2,1,4,4,4,3,3,5
attractive,female,faces,526617,male,women,19.9,2,2,2,4,3,4,2,2,2,1,1,1,3,1,5,4,1,3,2,1,4,1,2,2,1,2,1,4,2,1,2,2,3,2,4,4,5,2,3,1,3,1,1,3,4,3,4,1,4,5
attractive,female,faces,71186,male,women,35.9,4,3,3,4,4,2,2,4,2,3,4,2,2,3,4,4,2,4,3,4,4,3,4,4,5,4,4,2,2,4,4,6,2,3,4,4,4,4,5,3,3,3,3,4,4,4,4,4,4,4
attractive,female,faces,528819,male,women,18.8,1,7,3,4,3,2,1,1,7,7,6,1,5,6,3,2,2,1,7,1,7,6,2,6,4,3,6,7,3,7,6,7,6,5,4,7,7,6,5,6,7,1,2,2,3,3,3,7,3,6
attractive,female,faces,527986,male,men,18.8,1,6,2,4,3,2,2,2,4,3,5,1,2,2,3,4,3,3,4,1,7,3,3,5,4,4,3,2,4,2,6,4,2,2,3,5,6,3,3,4,2,2,2,3,3,3,5,1,3,6
attractive,female,faces,518191,female,either,24.5,1,2,1,5,4,2,1,1,3,1,3,1,1,2,3,4,1,2,1,3,2,3,3,3,1,2,3,1,1,1,3,2,3,1,3,2,4,2,1,1,2,2,1,3,3,1,4,1,5,1
attractive,female,faces,445243,female,women,22.7,3,2,6,3,5,6,6,5,3,3,4,5,5,6,7,6,4,6,4,7,2,4,4,1,4,4,3,6,7,5,1,6,5,5,4,3,2,4,4,4,4,4,5,6,5,4,5,6,4,2
attractive,female,faces,518987,female,men,18.1,2,5,1,5,6,2,2,2,3,2,2,2,3,2,2,4,1,3,1,3,2,1,4,4,5,4,3,3,2,2,5,4,4,1,6,4,5,4,2,2,2,3,2,3,3,3,3,2,2,4
attractive,female,faces,519511,female,either,23.9,3,6,1,4,4,2,2,2,3,2,5,2,2,3,2,4,2,3,1,1,4,3,4,4,4,3,4,2,3,3,7,4,3,3,4,5,6,4,4,3,2,2,2,3,2,4,4,3,1,4
attractive,female,faces,519997,female,men,60.1,1,4,1,3,4,1,2,2,3,1,3,1,2,2,2,2,1,2,1,1,2,1,4,5,3,3,4,2,1,3,5,3,2,2,2,1,4,3,2,3,2,1,2,1,2,2,1,2,2,4
attractive,female,faces,524137,female,,26.0,1,2,1,3,5,2,1,1,3,2,4,1,2,2,1,2,2,1,1,1,3,2,1,4,4,1,3,2,1,2,4,4,1,1,4,2,2,4,4,2,3,2,1,2,4,2,1,1,3,2
attractive,female,faces,524931,female,either,30.0,4,4,4,3,5,3,4,4,5,4,4,3,4,3,3,3,3,4,3,4,4,4,4,5,4,4,4,3,4,3,6,5,3,4,5,5,5,3,3,4,5,3,3,4,4,5,4,4,3,3
attractive,female,faces,525742,female,men,22.0,2,5,1,3,3,2,2,5,7,3,5,1,3,1,1,1,1,2,1,4,4,2,4,3,4,3,5,2,1,3,7,3,2,1,5,1,5,4,4,5,5,1,1,1,2,2,1,1,5,1
attractive,female,faces,526734,female,men,28.4,2,3,2,4,5,4,2,3,3,4,3,1,2,2,2,3,1,4,3,4,2,4,4,2,4,3,3,2,2,3,4,4,2,3,5,2,4,3,3,3,3,2,2,3,3,2,5,3,2,1
attractive,female,faces,518467,female,men,18.1,2,5,1,4,3,2,1,2,2,2,4,2,2,2,2,3,1,2,1,1,3,2,2,3,3,2,3,2,2,2,3,4,2,2,4,2,2,2,3,2,3,1,2,2,2,2,2,2,2,4
caring,female,faces,522665,male,women,29.1,4,2,4,5,5,3,4,5,3,3,3,2,2,5,4,4,4,3,4,3,3,3,3,3,4,3,3,4,3,3,5,3,4,3,4,4,4,6,4,3,4,4,4,5,3,3,5,5,3,5
caring,female,faces,528961,male,either,26.8,2,4,4,3,6,3,3,3,4,2,4,2,4,4,3,5,2,4,5,3,3,5,2,4,4,5,4,4,4,3,3,3,4,4,5,5,4,5,3,3,2,3,3,4,3,4,5,4,2,4
caring,female,faces,526304,male,women,27.7,3,3,3,4,5,3,3,3,3,3,3,3,3,3,3,3,3,3,3,3,3,3,3,5,4,3,4,3,3,3,4,3,3,3,5,3,4,3,3,3,3,3,3,3,3,4,4,3,3,3
caring,female,faces,521431,male,either,18.6,3,4,2,4,5,2,3,5,4,1,4,1,5,2,2,2,4,3,2,4,2,1,4,5,3,4,3,2,2,3,3,2,4,3,6,3,5,6,3,6,6,2,2,6,5,3,3,3,3,2
caring,female,faces,524984,male,women,53.5,1,3,3,6,6,4,1,6,5,3,2,2,2,4,4,4,1,4,2,6,3,3,3,5,6,3,4,4,5,3,4,6,3,2,4,4,5,6,3,5,4,2,4,4,4,3,6,6,2,5
caring,female,faces,519743,male,women,40.5,6,4,3,6,5,4,2,6,4,3,5,5,2,5,4,4,4,4,1,3,4,6,3,4,7,3,2,4,4,4,4,4,3,4,2,4,3,3,3,5,2,3,3,4,3,4,5,4,3,4
caring,female,faces,528287,male,women,18.6,3,3,2,5,6,4,2,5,1,2,4,1,4,3,1,3,1,3,2,4,3,1,2,4,4,2,4,2,2,2,3,3,2,1,3,4,3,5,2,4,2,2,3,1,4,4,3,3,4,2
caring,female,faces,528949,male,women,38.2,3,3,5,6,6,3,2,6,4,3,4,4,4,4,3,5,3,5,3,6,3,5,4,6,6,5,4,6,4,4,4,4,4,4,3,6,4,5,5,5,4,4,5,5,4,5,4,6,3,4
caring,female,faces,527749,male,women,19.7,1,1,1,1,1,1,1,1,1,1,1,1,1,3,1,1,1,1,1,1,1,1,1,1,1,1,1,1,1,1,1,1,1,1,1,1,1,1,1,3,1,1,1,1,1,1,1,1,1,1
caring,female,faces,518299,male,women,38.2,2,1,1,3,2,3,1,2,1,2,2,1,2,3,2,2,1,3,2,2,3,4,2,3,2,2,2,2,2,2,2,2,1,2,2,3,4,4,1,2,4,1,3,2,3,1,3,2,1,3
caring,female,faces,523368,male,women,41.7,5,3,6,5,5,4,3,3,3,2,3,2,5,3,3,3,3,4,2,4,3,5,3,4,5,4,2,4,5,3,4,3,2,2,3,4,3,4,3,4,5,3,2,4,5,3,5,4,4,3
caring,female,faces,525814,female,men,21.2,2,2,3,4,3,2,3,4,2,2,4,3,2,3,3,3,2,4,2,2,2,2,5,4,4,5,2,3,2,4,3,4,2,3,2,3,3,5,2,3,3,2,2,2,2,2,3,2,3,2
caring,female,faces,525265,female,women,18.8,1,3,6,5,6,4,3,5,3,2,2,6,5,5,4,3,2,5,1,6,2,3,4,6,5,5,3,3,5,2,2,4,3,5,5,5,2,6,4,3,5,1,3,7,5,2,6,7,4,5
caring,female,faces,524592,female,either,26.7,1,1,6,7,6,3,1,7,7,3,2,7,3,5,3,2,1,3,1,5,1,3,4,7,5,4,3,5,2,4,1,5,5,2,4,5,2,7,1,1,6,1,4,1,3,6,3,4,2,1
caring,female,faces,526167,female,men,19.0,1,4,5,5,7,5,1,4,4,1,4,1,1,5,1,3,4,5,2,3,3,5,2,5,6,3,3,3,4,1,3,6,2,3,4,6,4,7,3,5,6,2,5,5,3,5,2,6,2,2
caring,female,faces,517997,female,men,26.3,2,3,2,7,5,2,1,5,3,1,3,3,5,3,2,2,2,4,4,1,2,3,2,5,6,3,4,2,5,4,4,5,2,4,4,5,4,5,4,5,4,4,1,3,2,5,4,4,3,3
caring,female,faces,526881,female,either,23.3,1,2,3,5,7,3,2,5,3,2,3,2,3,4,3,4,1,3,3,5,2,3,5,5,6,5,2,3,4,4,3,3,5,3,2,4,3,5,3,3,5,3,3,5,6,3,6,5,3,2
caring,female,faces,520352,female,either,20.3,3,4,4,7,6,3,3,6,4,4,2,1,2,6,2,2,1,5,2,7,6,5,5,7,7,5,4,3,2,3,5,5,3,4,4,5,5,5,6,5,7,4,2,5,5,4,5,7,2,6
caring,female,faces,519867,female,men,21.7,1,2,4,7,6,3,2,7,3,2,5,3,3,2,2,4,1,5,2,5,4,5,3,6,7,6,3,3,3,3,4,2,2,3,3,3,5,7,3,6,5,2,3,3,6,4,5,6,5,4
caring,female,faces,519296,female,women,18.3,2,2,4,5,6,4,5,4,4,4,2,4,2,3,5,2,1,5,2,3,1,5,4,3,5,5,3,3,3,3,2,5,2,3,4,4,3,6,2,3,4,2,3,3,4,4,3,2,2,2
caring,female,faces,518783,female,men,32.1,1,5,1,7,6,2,1,6,1,1,1,1,4,3,3,4,1,4,1,6,1,3,4,7,4,7,5,1,3,4,1,6,2,4,3,6,3,7,1,6,5,2,5,4,4,2,3,6,1,1
confident,female,faces,121348,male,women,28.2,5,7,6,5,3,3,5,4,7,3,4,3,2,2,4,3,3,3,4,3,6,5,4,5,4,7,4,6,3,4,6,4,5,3,7,4,4,4,7,5,5,6,3,6,4,1,5,4,5,4
confident,female,faces,526171,male,men,20.5,1,2,2,7,6,7,2,1,1,2,3,2,5,5,2,7,1,7,1,6,1,3,4,3,3,1,4,6,7,2,1,3,4,1,3,5,7,7,1,2,1,1,4,5,4,7,4,5,1,1
confident,female,faces,521200,male,women,26.0,1,3,1,4,4,3,2,3,2,3,2,1,3,3,2,3,1,2,3,4,2,3,2,2,3,3,2,2,2,4,2,3,2,2,3,5,5,3,2,5,2,2,4,2,2,3,3,3,3,2
confident,female,faces,523356,male,women,63.2,3,5,3,4,4,3,3,4,5,3,4,3,5,3,4,4,5,3,3,4,5,5,4,4,5,5,5,4,4,4,6,4,4,4,5,4,5,5,5,4,4,3,5,5,5,3,3,3,4,5
confident,female,faces,519695,male,men,19.3,5,4,4,6,4,4,5,3,3,5,2,2,1,3,4,4,4,3,2,4,3,4,4,3,5,5,5,3,4,4,5,4,3,3,5,5,5,3,4,4,2,6,3,5,4,1,3,4,6,3
confident,female,faces,524948,male,women,27.0,2,4,5,6,5,3,2,4,4,3,4,3,1,3,5,4,3,2,3,4,5,5,4,4,6,5,5,5,2,4,6,4,4,2,5,5,5,6,5,5,2,2,4,5,2,2,4,6,5,5
confident,female,faces,527612,male,women,31.0,5,2,7,3,7,4,6,6,3,4,4,3,1,6,4,4,6,5,5,6,5,3,5,2,5,7,6,7,7,2,6,3,4,5,7,5,5,6,4,1,3,6,2,7,6,3,5,5,6,3
confident,female,faces,528209,male,women,30.3,4,4,6,2,2,3,2,2,2,2,2,2,5,4,3,4,1,3,4,1,7,5,4,4,7,6,2,2,1,1,6,4,6,4,4,5,3,3,3,2,2,1,2,6,6,2,4,1,7,6
confident,female,faces,528450,male,women,38.4,4,4,5,4,4,4,4,4,4,3,4,3,2,3,4,4,3,3,3,4,5,4,5,5,4,5,4,4,4,4,5,4,5,3,4,3,4,3,5,4,4,5,3,5,4,3,4,4,4,4
confident,female,faces,517985,male,women,21.9,5,4,4,4,5,4,4,4,5,4,3,3,2,4,5,3,6,3,3,4,4,4,4,5,5,4,4,4,3,5,6,4,6,3,5,5,4,6,5,4,5,4,3,5,5,2,4,4,4,3
confident,female,faces,519209,female,either,22.0,6,4,4,6,5,1,6,5,7,1,6,3,3,1,3,3,4,2,2,5,3,5,7,6,5,4,6,6,5,5,7,4,6,3,6,4,3,4,5,4,3,4,4,5,5,3,3,4,6,4
confident,female,faces,519855,female,either,25.9,5,5,4,4,4,2,2,3,6,1,5,1,3,4,2,4,5,4,3,3,2,1,6,3,4,4,4,6,4,2,5,3,3,3,4,2,5,2,5,2,5,3,3,3,4,1,4,2,5,3
confident,female,faces,518743,female,men,18.2,3,3,4,5,6,2,3,4,4,4,4,2,1,4,2,2,4,3,3,3,5,4,3,6,3,4,4,4,2,4,3,5,3,3,2,4,5,5,2,5,5,4,2,2,5,2,4,4,4,2
confident,female,faces,524472,female,men,32.8,5,3,2,5,3,2,3,5,6,3,3,2,5,2,2,5,3,2,3,4,7,4,4,7,7,4,7,6,3,5,4,6,4,6,3,5,5,7,3,6,3,7,2,5,3,2,6,4,6,7
confident,female,faces,525236,female,men,20.0,4,5,6,5,4,4,4,4,4,4,5,4,3,3,5,4,6,4,3,5,4,4,4,4,6,5,4,4,4,6,6,5,4,4,4,6,4,6,4,4,5,4,4,6,6,4,4,5,4,4
confident,female,faces,525813,female,either,45.3,4,5,4,7,7,3,5,5,2,1,4,4,2,3,3,4,3,3,2,3,3,3,6,4,7,7,5,5,4,3,5,5,5,3,7,7,6,6,5,4,5,4,2,6,4,2,4,4,4,2
confident,female,faces,526154,female,either,21.3,3,4,4,5,4,4,4,5,3,3,4,3,2,3,4,5,5,3,2,3,6,5,4,5,5,5,5,4,3,4,7,3,4,4,5,3,3,5,6,2,3,4,3,6,6,2,4,3,4,3
confident,female,faces,520332,female,men,18.3,1,6,1,1,2,1,1,1,3,1,6,1,1,1,1,1,1,1,1,1,1,1,1,1,1,1,1,2,1,1,1,1,1,1,1,3,6,1,1,1,1,1,1,2,1,1,1,1,1,1
confident,female,faces,526797,female,men,20.6,5,5,5,1,4,2,5,1,7,1,7,2,2,2,6,4,2,1,1,2,5,2,6,5,3,4,5,6,2,1,3,3,2,6,2,2,4,4,5,3,1,5,1,2,2,1,3,2,2,5
confident,female,faces,518384,female,men,30.6,4,3,5,3,3,3,3,3,5,6,4,3,2,4,3,4,3,3,5,3,3,4,4,2,5,5,6,5,3,5,5,3,6,3,3,4,5,6,4,5,4,3,4,5,5,2,5,5,3,3
dominant,female,faces,518287,male,women,20.4,4,2,4,2,1,2,2,4,4,4,4,7,2,5,6,4,5,1,5,4,6,7,3,2,5,1,3,4,3,5,1,5,4,3,1,2,3,3,2,2,4,6,4,3,4,2,1,3,6,1
dominant,female,faces,522316,male,women,24.4,5,5,6,4,3,6,5,5,5,3,5,4,3,2,2,3,4,2,7,3,6,4,4,6,5,5,5,5,4,4,5,4,5,4,4,4,5,3,4,2,4,7,5,3,5,3,5,3,6,4
dominant,female,faces,523121,male,men,25.7,2,5,1,2,5,3,3,4,5,5,3,4,3,3,6,4,4,2,3,2,4,4,5,3,4,5,5,4,3,3,6,4,3,5,5,2,5,4,4,2,4,5,6,4,4,2,6,3,5,5
dominant,female,faces,528761,male,women,18.6,6,2,5,5,2,2,3,7,3,5,5,7,3,4,5,3,7,3,2,2,6,2,5,2,7,6,2,3,6,5,7,5,1,2,3,2,5,4,7,3,2,6,4,6,3,4,4,5,5,4
dominant,female,faces,528182,male,either,44.6,5,6,3,6,3,2,4,4,4,5,6,5,4,6,4,6,5,5,3,5,6,4,5,5,4,6,4,4,3,4,6,6,4,4,6,3,3,4,3,5,4,5,3,3,3,6,5,4,4,5
dominant,female,faces,527699,male,women,36.5,5,4,3,2,3,4,4,3,7,5,6,1,7,4,3,4,3,6,4,5,4,3,3,5,5,3,6,4,3,3,6,5,4,5,5,3,6,6,3,4,2,6,5,3,2,5,2,4,7,6
dominant,female,faces,524894,male,women,27.5,5,5,5,7,4,6,7,2,4,3,5,4,7,4,7,6,7,6,6,3,6,4,5,6,3,7,7,5,5,4,6,3,3,7,5,5,7,4,5,7,5,7,5,7,5,2,7,7,4,3
dominant,female,faces,519606,male,men,18.8,6,5,5,4,3,2,6,2,5,6,5,4,2,6,4,4,3,2,5,3,5,5,4,4,2,5,5,6,3,5,6,4,6,3,5,3,4,4,6,3,3,3,2,4,5,3,4,3,6,5
dominant,female,faces,526051,male,women,22.6,6,3,5,3,3,5,6,5,3,5,6,2,3,5,3,4,5,3,2,2,7,3,2,5,4,6,5,5,3,5,6,4,3,3,5,3,3,7,5,3,6,2,2,7,5,2,4,2,4,2
dominant,female,faces,521200,male,women,26.0,4,3,4,6,3,2,3,2,3,4,3,3,2,3,4,4,5,3,3,4,4,3,4,4,3,4,4,2,2,5,4,3,3,3,2,4,4,3,5,3,3,3,2,2,2,2,3,3,4,3
dominant,female,faces,519700,female,men,42.0,6,4,3,3,3,5,5,5,4,3,4,3,3,2,4,3,4,4,5,3,4,4,4,5,6,4,4,6,6,4,5,3,2,5,5,3,2,2,3,3,3,6,5,3,2,2,4,2,4,3
dominant,female,faces,518662,female,men,25.0,3,4,2,1,2,2,3,1,3,3,5,2,1,2,3,3,2,1,3,1,6,3,2,3,1,2,4,4,3,4,3,3,1,2,4,1,4,1,4,2,1,3,2,5,4,1,2,1,4,4
dominant,female,faces,520229,female,men,22.7,3,4,3,3,4,4,5,1,4,3,4,7,3,1,2,4,2,3,1,1,4,4,5,2,2,3,6,3,2,5,5,4,3,3,4,2,4,1,4,2,1,6,1,1,5,2,4,4,6,5
dominant,female,faces,524399,female,women,18.3,3,5,4,1,3,2,4,2,5,4,5,5,3,3,4,4,6,1,1,5,4,3,3,2,4,5,4,4,3,4,5,1,4,4,5,2,5,2,4,3,1,5,2,4,3,3,5,2,3,3
dominant,female,faces,526140,female,either,21.0,4,4,3,3,1,6,4,4,6,4,5,5,4,4,7,6,5,5,1,6,5,4,4,6,5,6,4,6,6,2,4,6,1,7,5,2,5,3,6,3,3,5,6,7,2,5,6,3,5,3
dominant,female,faces,525806,female,men,20.9,7,6,4,4,4,6,2,3,2,3,2,7,5,3,7,3,7,2,7,7,6,6,6,7,1,7,2,3,6,6,6,7,2,5,6,7,7,5,1,7,1,2,6,6,7,7,6,6,7,2
dominant,female,faces,519174,female,either,19.5,4,2,5,2,2,3,6,2,2,4,5,1,1,3,3,3,2,2,2,2,3,6,4,2,5,3,4,4,3,5,1,3,1,3,6,2,2,4,3,4,3,3,2,5,4,3,3,2,3,6
dominant,female,faces,517875,female,men,19.4,1,5,6,1,1,7,5,3,6,6,4,6,3,4,6,4,6,4,2,3,5,2,5,2,2,6,3,5,6,3,5,4,3,6,3,3,4,1,5,1,1,4,5,4,3,2,3,2,5,2
dominant,female,faces,525072,female,men,29.9,6,5,4,3,5,2,3,3,6,1,4,2,2,2,4,2,6,3,1,2,6,4,3,6,5,2,6,4,5,2,7,2,1,3,6,4,4,2,4,3,3,5,2,5,2,2,7,3,6,3
dominant,female,faces,526741,female,either,20.5,6,5,3,6,6,3,2,2,5,5,5,2,2,1,2,7,5,6,6,3,4,4,5,7,5,7,6,6,4,2,6,3,4,3,2,4,5,7,7,2,5,1,3,2,6,2,6,2,3,5
emotionally_stable,female,faces,527160,male,women,19.1,6,4,6,4,6,4,3,2,6,5,5,1,2,6,5,5,4,6,4,3,4,6,5,3,4,7,5,5,5,3,5,3,3,4,6,5,5,7,6,3,6,5,6,4,6,5,5,3,3,6
emotionally_stable,female,faces,493246,male,men,36.7,4,4,4,5,5,3,3,4,2,2,4,3,3,3,4,3,2,3,4,4,3,4,4,4,5,5,4,4,4,2,4,4,2,3,5,4,4,4,4,4,5,3,3,4,3,4,5,4,3,5
emotionally_stable,female,faces,526971,male,women,19.0,1,1,1,1,5,1,1,1,4,1,1,1,2,1,1,1,1,1,1,1,1,5,1,3,2,2,4,2,1,1,6,2,1,1,6,1,7,1,1,1,1,1,1,1,3,1,1,1,1,1
emotionally_stable,female,faces,518213,male,women,19.2,3,6,3,6,3,3,3,3,5,2,3,2,4,2,2,2,2,3,4,1,6,4,3,2,3,4,5,3,2,6,4,3,2,3,5,4,5,5,5,4,4,2,4,3,2,3,4,2,3,5
emotionally_stable,female,faces,526896,male,women,22.6,2,7,3,7,4,1,1,1,6,5,4,1,1,3,1,3,5,1,5,1,7,6,3,6,5,5,6,4,1,2,6,4,6,2,7,1,7,3,4,3,6,1,3,1,2,3,1,2,6,6
emotionally_stable,female,faces,519351,male,women,19.0,5,4,3,3,6,4,2,5,2,4,4,1,5,4,4,4,2,4,3,4,5,5,3,6,5,5,5,5,4,3,6,4,3,3,5,2,5,3,5,4,3,3,3,4,4,4,4,4,3,1
emotionally_stable,female,faces,522095,male,women,36.8,2,5,7,2,7,1,4,5,2,5,6,2,2,4,6,4,5,6,2,4,3,5,7,3,6,3,4,7,7,5,4,6,5,2,6,6,6,6,5,3,2,1,3,5,6,2,5,4,2,1
emotionally_stable,female,faces,522978,male,women,37.6,3,5,6,5,3,5,3,5,4,3,4,4,4,3,5,5,3,4,3,6,5,2,4,5,5,4,4,6,4,4,7,4,7,4,5,3,5,5,6,5,4,4,4,3,3,2,4,5,5,5
emotionally_stable,female,faces,525835,male,women,28.7,3,3,2,6,5,5,3,4,2,4,4,3,3,3,3,4,3,3,3,4,4,3,2,4,4,4,4,3,3,4,4,3,3,4,3,4,4,4,3,4,3,3,4,4,4,3,4,5,3,4
emotionally_stable,female,faces,521078,male,women,53.3,3,5,4,3,5,4,3,5,5,4,5,2,2,4,6,4,6,2,6,4,6,6,6,4,4,7,5,5,6,4,7,6,4,6,3,5,4,5,5,4,4,5,4,6,4,5,5,4,5,5
emotionally_stable,female,faces,527134,female,men,20.2,3,5,4,5,5,4,3,3,4,2,5,4,4,3,3,5,3,4,3,3,3,4,4,4,5,4,4,4,3,2,5,5,3,4,5,6,5,3,3,3,2,3,3,3,4,3,5,4,3,5
emotionally_stable,female,faces,527070,female,men,20.4,4,4,4,4,4,4,4,4,4,4,4,4,4,4,4,4,4,4,4,4,4,4,4,4,4,4,4,4,4,4,4,4,4,4,4,4,4,4,4,4,4,4,4,4,4,4,4,4,4,4
emotionally_stable,female,faces,527044,female,men,37.1,2,4,3,5,6,3,3,5,3,4,2,5,2,3,6,7,2,3,4,4,6,6,3,2,3,4,3,2,5,4,4,2,2,4,3,6,6,4,4,4,3,2,3,5,7,4,6,3,5,4
emotionally_stable,female,faces,524185,female,either,28.1,4,5,4,1,3,5,5,5,1,2,6,1,3,2,3,3,3,2,2,4,2,3,3,2,3,3,6,6,3,4,4,3,1,1,5,1,5,3,7,4,1,2,4,5,4,5,2,2,4,2
emotionally_stable,female,faces,524988,female,,25.4,2,5,5,2,5,4,4,5,6,6,6,2,1,6,6,7,3,3,5,7,1,5,2,6,6,4,4,3,2,7,7,7,1,2,6,5,7,3,7,4,2,3,3,7,5,5,7,5,5,5
emotionally_stable,female,faces,525801,female,either,23.5,4,3,4,4,5,4,4,5,4,4,4,3,3,5,3,5,4,4,4,3,4,5,4,4,4,4,4,4,5,4,4,4,3,3,4,4,4,4,4,4,3,4,4,6,4,4,4,4,4,4
emotionally_stable,female,faces,526136,female,men,22.1,5,6,6,5,7,5,6,6,7,7,5,4,3,5,5,7,6,6,6,7,6,7,7,6,4,7,6,5,7,7,7,7,6,6,6,6,7,7,6,6,5,7,6,7,5,4,5,6,6,5
emotionally_stable,female,faces,518563,female,either,19.0,4,4,4,4,6,6,4,5,3,4,4,3,2,4,6,5,3,4,4,4,4,4,5,4,4,5,3,5,5,4,6,5,3,6,5,4,4,5,6,4,2,4,3,4,4,4,4,3,4,3
emotionally_stable,female,faces,526898,female,men,62.5,3,5,4,5,6,5,4,4,5,6,6,4,4,4,5,6,5,5,5,6,6,5,5,6,5,5,6,6,5,5,4,6,4,5,4,6,6,6,5,6,6,5,4,6,6,5,5,5,5,5
emotionally_stable,female,faces,512935,female,men,19.4,5,4,4,6,6,3,3,3,5,3,5,1,2,3,3,6,4,3,4,6,5,6,5,4,6,6,5,5,3,5,6,6,6,4,5,6,5,6,5,5,4,4,4,3,5,3,5,5,5,6
emotionally_stable,female,faces,517838,female,men,22.0,4,4,1,3,7,3,4,5,3,4,2,2,2,4,3,4,6,2,2,3,3,3,3,7,4,6,4,4,4,3,5,4,1,4,4,4,3,6,5,4,3,4,3,6,6,2,3,5,6,2
emotionally_stable,female,faces,519056,female,either,18.7,3,4,3,2,5,4,3,4,4,4,4,5,4,4,4,5,4,5,3,4,3,4,5,6,4,5,5,4,4,3,2,3,3,4,4,3,4,4,4,3,3,3,4,5,3,4,3,4,3,3
emotionally_stable,female,faces,519616,female,either,18.9,3,2,4,6,7,5,4,4,4,4,3,3,3,4,3,4,5,3,3,3,4,6,4,6,5,6,4,4,5,2,6,5,3,5,5,5,4,7,3,5,3,5,4,5,5,3,6,2,3,2
emotionally_stable,female,faces,520158,female,men,45.1,1,2,4,6,6,5,1,3,4,1,3,2,1,5,2,4,4,5,4,2,2,5,3,5,3,4,4,5,4,4,4,4,2,4,3,4,3,6,5,2,4,3,3,5,4,4,3,3,2,4
emotionally_stable,female,faces,518503,intersex,men,30.0,4,4,6,3,6,6,5,3,3,4,3,6,2,3,5,6,4,3,6,4,2,6,3,3,3,4,2,2,6,3,6,2,5,6,6,5,6,5,3,3,3,5,3,3,3,6,6,4,6,2
happy,female,faces,522108,male,women,49.0,3,4,5,7,4,2,3,4,3,2,2,2,2,2,3,3,3,4,4,4,3,3,4,4,5,4,5,3,3,4,4,4,3,3,5,5,4,6,3,5,2,4,4,4,4,1,6,3,4,3
happy,female,faces,522986,male,women,42.7,2,4,4,5,5,3,3,5,3,3,2,2,3,4,3,5,3,4,3,5,2,5,4,6,7,5,5,3,4,4,5,4,3,3,4,6,4,6,5,5,6,3,4,5,5,3,4,6,4,5
happy,female,faces,524533,male,women,21.4,3,5,3,5,5,4,4,4,3,4,4,3,3,3,3,4,2,3,4,5,3,5,5,5,5,5,5,4,4,4,4,5,5,3,5,5,5,5,4,4,5,4,3,4,5,3,5,5,4,3
happy,female,faces,519518,male,women,25.0,3,4,4,6,5,4,2,5,4,3,3,1,3,4,3,5,3,3,2,6,4,5,3,5,6,6,5,4,4,3,4,5,5,3,3,4,5,5,4,5,5,3,4,4,5,3,5,6,4,4
happy,female,faces,525959,male,women,22.6,3,4,4,4,5,2,4,4,4,3,6,2,4,3,3,4,3,4,4,3,5,5,5,5,4,4,6,3,3,2,6,5,3,3,4,4,6,4,5,3,2,4,2,3,4,5,3,3,4,4
happy,female,faces,527519,male,women,21.5,3,6,2,4,5,4,2,4,6,3,4,2,4,3,3,4,1,4,4,3,3,4,4,5,5,4,4,3,5,5,4,5,3,5,6,5,7,4,3,3,4,2,4,2,3,3,4,4,3,5
happy,female,faces,527986,male,men,18.8,5,4,4,6,6,3,3,5,3,2,3,2,3,2,2,3,1,4,3,5,5,4,4,5,7,6,4,5,4,3,5,4,4,2,4,5,2,5,4,5,4,2,1,6,3,3,5,3,5,6
happy,female,faces,528579,male,women,44.5,2,4,4,6,5,3,3,5,2,4,3,3,3,4,3,4,2,4,2,5,4,4,4,4,5,5,4,4,4,4,4,4,5,4,4,5,4,5,5,4,4,2,4,4,4,3,5,4,4,4
happy,female,faces,518255,male,women,38.5,5,4,4,4,5,3,3,5,4,4,4,3,4,4,4,4,4,4,3,4,4,5,4,4,5,5,3,3,4,3,4,3,4,3,4,4,4,4,3,4,4,4,3,5,4,4,4,4,4,4
happy,female,faces,521198,male,women,18.8,3,3,5,5,5,1,1,3,1,1,1,1,1,2,2,3,1,1,1,4,1,4,2,4,4,4,2,3,2,2,3,1,1,3,4,5,4,5,3,5,4,1,2,2,2,1,4,4,3,4
happy,female,faces,518631,female,men,26.4,3,4,4,6,5,1,4,4,4,1,2,2,2,5,4,4,4,4,3,4,4,2,3,2,5,4,4,5,3,4,5,4,1,2,5,4,3,7,4,5,6,4,2,3,2,3,2,6,3,4
happy,female,faces,518630,female,men,22.0,2,2,3,4,4,3,2,5,3,4,3,3,1,2,3,3,2,3,3,3,4,4,4,2,4,5,3,4,3,4,4,4,3,3,3,5,3,5,4,4,3,3,3,5,3,2,5,5,4,2
happy,female,faces,519686,female,men,20.0,6,3,6,6,6,4,2,4,4,4,3,1,3,4,5,5,3,4,3,5,4,5,3,5,5,5,6,4,4,5,4,3,6,3,6,5,4,5,5,5,5,3,3,4,3,3,4,4,6,3
happy,female,faces,520187,female,men,32.7,3,2,1,5,5,4,1,1,4,1,4,1,1,1,2,1,3,1,2,3,2,3,3,5,5,4,4,4,1,3,6,1,2,4,4,5,4,2,3,4,2,3,1,4,3,1,4,2,4,2
happy,female,faces,524442,female,either,34.0,3,3,2,1,3,1,1,3,1,2,1,3,1,3,2,3,1,2,1,4,1,2,4,4,2,2,1,2,2,2,3,1,2,2,4,3,1,3,3,2,2,2,1,2,2,1,2,2,1,2
happy,female,faces,525039,female,men,21.4,4,1,4,6,7,2,3,5,1,2,3,2,3,2,1,1,1,5,2,5,5,6,3,3,6,5,1,4,4,4,4,5,1,2,4,6,4,5,3,5,5,2,1,4,1,2,5,5,2,5
happy,female,faces,525802,female,men,20.0,2,2,6,7,7,2,2,4,2,3,3,1,1,3,2,3,3,3,3,4,2,5,3,5,6,6,4,2,3,3,3,4,4,3,4,5,4,6,2,3,3,3,2,5,4,1,4,7,3,5
happy,female,faces,526134,female,men,22.6,4,3,5,7,5,2,3,6,3,1,1,3,1,4,2,3,3,2,1,2,3,3,5,6,6,6,3,2,4,3,4,3,3,3,4,5,3,6,4,6,3,3,3,4,6,2,5,4,4,5
happy,female,faces,526737,female,men,25.8,1,4,5,5,6,3,3,3,3,2,3,1,3,3,3,4,2,3,2,5,4,3,4,6,6,5,4,4,3,4,5,4,2,4,4,5,4,5,5,3,4,3,3,4,5,3,4,5,5,2
happy,female,faces,517847,female,men,32.0,3,5,5,6,5,4,3,5,4,3,4,2,2,3,4,4,3,5,3,5,3,5,4,6,5,4,4,4,4,4,5,4,5,3,5,6,5,6,4,5,5,4,4,5,4,3,5,4,4,6
happy,female,faces,520147,intersex,women,39.4,1,4,6,7,6,2,1,4,1,1,1,1,1,1,1,2,1,2,1,7,3,5,2,3,3,3,7,3,1,5,6,1,1,2,6,5,2,7,2,4,4,1,3,6,1,2,4,3,6,7
intelligent,female,faces,523385,male,women,25.8,4,4,4,4,4,4,3,4,4,4,4,3,4,4,4,4,4,4,3,4,4,3,4,4,4,4,4,4,4,4,4,4,4,4,4,4,4,4,4,4,4,4,4,4,4,4,4,4,4,4
intelligent,female,faces,522655,male,women,28.6,4,3,4,4,5,4,4,4,3,3,5,2,3,4,5,4,2,3,3,5,5,3,3,3,4,4,3,5,5,3,5,3,2,4,4,4,4,4,4,4,4,4,4,4,4,4,5,4,4,3
intelligent,female,faces,521618,male,women,26.0,2,4,5,4,4,3,3,2,3,3,4,4,4,4,4,4,2,5,5,4,3,4,3,3,4,3,4,4,4,5,4,4,5,2,3,4,5,4,3,5,5,3,4,3,4,3,5,3,4,2
intelligent,female,faces,526850,male,women,20.6,3,5,4,5,5,5,4,3,5,4,5,2,4,4,3,5,2,4,3,4,3,5,4,3,6,3,5,3,3,4,6,4,3,4,4,3,5,3,6,5,5,3,3,3,4,2,4,2,4,5
intelligent,female,faces,528099,male,men,23.0,4,5,6,3,4,4,1,4,4,6,4,3,3,5,3,4,2,3,4,3,4,4,4,4,6,5,5,4,3,5,5,5,4,5,3,4,2,5,4,5,5,5,4,5,4,2,4,5,5,4
intelligent,female,faces,528685,male,women,29.8,3,5,1,2,3,2,4,2,5,1,5,2,2,2,1,2,2,2,2,2,2,3,2,4,3,4,3,2,1,2,4,1,1,1,3,3,5,2,3,3,2,1,3,1,1,2,4,2,3,4
intelligent,female,faces,520001,male,women,38.0,4,3,4,3,4,4,4,4,4,4,3,2,3,3,5,5,3,3,3,4,4,5,4,3,5,5,5,4,3,5,4,4,3,4,5,5,5,6,5,4,4,3,3,5,4,5,6,5,4,3
intelligent,female,faces,525484,male,women,22.2,2,4,5,4,6,4,4,4,5,3,4,2,3,4,6,4,1,4,3,5,3,5,3,5,5,3,4,5,5,3,4,3,3,4,4,7,4,3,3,3,3,1,2,4,4,5,4,5,1,2
intelligent,female,faces,526431,male,women,25.9,3,4,3,4,3,3,2,2,4,3,2,2,2,3,4,3,2,2,2,3,3,4,3,2,5,4,4,4,3,2,4,2,3,4,3,3,4,4,3,4,4,3,4,4,2,3,4,3,2,3
intelligent,female,faces,518439,male,women,27.7,3,6,3,4,4,5,5,3,5,4,4,3,4,3,3,3,2,5,6,4,5,5,4,4,5,3,6,6,4,4,5,4,3,5,6,6,5,3,2,2,5,2,4,3,5,3,4,3,7,6
intelligent,female,faces,519585,female,women,24.8,2,2,5,3,5,5,4,5,2,5,5,4,4,5,3,5,2,3,3,6,3,3,3,2,5,3,3,5,4,2,2,2,5,6,5,4,5,6,4,4,3,3,2,6,2,4,6,4,5,2
intelligent,female,faces,518012,female,men,18.0,3,3,3,2,6,6,2,3,6,3,3,3,3,5,3,5,3,4,2,4,3,3,6,4,3,5,5,4,5,3,2,5,2,3,4,3,2,4,3,5,4,3,3,3,3,5,5,4,3,2
intelligent,female,faces,524687,female,men,19.5,4,4,7,3,4,7,4,2,5,6,5,5,2,5,4,6,5,5,2,6,5,2,5,2,7,5,4,5,7,5,2,5,7,3,4,6,3,5,3,4,4,3,3,7,6,2,6,3,6,5
intelligent,female,faces,518843,female,men,51.8,2,5,6,5,7,4,4,3,5,3,3,2,6,2,5,4,3,3,3,3,4,4,4,5,3,3,4,3,7,5,4,4,3,3,4,4,5,6,2,6,2,3,6,7,5,6,5,6,4,3
intelligent,female,faces,519196,female,either,26.6,5,2,7,4,4,7,5,6,4,4,2,5,5,6,7,2,6,6,6,6,4,3,5,4,7,4,6,6,6,3,3,5,6,5,3,6,4,5,6,5,5,5,7,6,6,4,6,4,6,2
intelligent,female,faces,519880,female,men,34.2,5,7,7,2,7,6,5,4,4,6,4,7,5,4,5,5,5,3,6,4,6,5,4,4,5,6,5,6,5,5,5,7,4,6,4,5,5,6,7,4,3,6,5,6,6,4,5,3,6,5
intelligent,female,faces,525839,female,either,45.8,5,3,3,2,5,4,4,4,5,3,4,4,3,4,3,4,2,4,2,5,4,5,5,4,5,5,4,4,2,3,4,4,3,5,5,4,4,6,4,3,5,2,5,3,4,4,6,4,4,4
intelligent,female,faces,526284,female,men,25.4,3,5,5,4,6,4,4,4,5,5,5,3,3,2,3,3,2,4,2,4,6,4,5,5,6,5,5,5,4,4,6,3,3,3,6,2,3,6,3,4,3,3,2,4,6,5,7,4,2,3
intelligent,female,faces,525379,female,men,29.9,3,7,7,4,3,7,2,5,4,6,6,6,2,6,4,6,2,5,2,6,4,5,5,6,3,3,3,3,7,4,3,4,6,3,4,4,6,5,3,6,6,5,3,6,6,4,2,3,3,3
intelligent,female,faces,526671,female,either,18.4,2,3,2,3,4,4,3,3,4,2,5,1,3,3,1,2,1,3,4,2,3,3,3,4,2,1,3,2,4,4,5,4,4,2,4,4,5,5,3,3,4,3,1,3,3,4,5,3,3,3
mean,female,faces,503536,male,,28.4,4,6,3,3,4,3,3,5,6,5,5,3,4,6,6,6,5,5,3,3,5,6,6,5,5,6,5,6,5,3,5,5,3,5,4,5,6,6,6,5,5,5,6,4,6,4,6,5,2,6
mean,female,faces,518798,male,women,23.4,7,5,5,4,5,4,7,5,4,4,4,7,2,4,2,2,6,4,2,1,6,3,2,2,6,3,5,5,2,5,6,2,2,2,4,6,4,4,4,4,6,6,4,4,5,4,4,4,7,2
mean,female,faces,521888,male,neither,20.0,7,4,6,4,1,4,4,4,2,4,4,1,4,4,5,4,7,3,1,4,3,4,4,5,2,3,6,4,4,5,2,1,4,4,4,4,4,4,3,5,4,7,4,3,4,4,3,7,4,4
mean,female,faces,486290,male,women,23.8,4,4,5,6,3,3,5,3,5,4,3,5,3,4,3,3,5,3,4,6,5,4,3,5,6,5,4,4,5,3,4,4,3,4,4,5,5,4,4,3,3,5,2,5,4,4,3,4,5,7
mean,female,faces,523640,male,women,27.7,6,5,2,2,3,4,5,3,6,5,3,7,4,2,4,3,6,2,5,3,5,2,6,2,2,3,3,4,3,3,5,4,5,3,5,4,4,2,4,3,5,6,3,3,5,5,4,1,5,5
mean,female,faces,525575,male,men,52.3,5,4,2,1,1,4,6,6,4,4,3,6,3,5,5,3,6,2,6,2,4,4,7,3,2,5,3,2,5,7,3,5,2,3,4,3,2,1,6,4,4,6,4,5,2,1,1,1,6,3
mean,female,faces,526536,male,men,23.9,2,6,4,2,3,4,6,4,6,6,5,3,3,5,3,3,4,4,2,2,5,5,3,4,4,4,5,4,5,4,5,5,2,3,4,5,6,5,4,3,4,6,2,4,3,3,2,3,4,5
mean,female,faces,528296,male,women,30.0,2,2,2,2,3,2,2,2,2,2,3,2,2,2,2,2,2,2,2,2,2,2,2,2,2,2,2,2,2,2,2,2,2,2,2,2,2,2,2,2,2,2,2,2,2,2,2,2,2,2
mean,female,faces,522902,male,women,23.7,6,6,3,2,3,4,5,3,5,4,4,6,4,4,5,4,6,2,5,3,3,3,4,3,2,2,3,5,5,4,5,4,5,5,3,2,4,2,4,3,5,4,4,4,3,3,3,1,3,5
mean,female,faces,517731,male,women,36.4,6,5,4,2,3,3,6,4,6,5,3,5,5,4,5,5,5,3,3,3,6,4,2,5,4,4,5,5,5,4,6,3,6,3,4,5,4,4,6,4,5,5,5,5,5,2,3,2,6,5
mean,female,faces,531788,female,men,20.0,7,3,6,4,1,5,2,3,7,1,2,7,7,2,6,2,7,2,3,1,6,4,1,5,7,4,5,7,6,4,7,7,6,1,6,2,4,2,4,4,2,2,1,3,5,1,3,1,5,5
mean,female,faces,531819,female,men,26.2,5,5,4,5,2,4,6,3,6,4,4,4,5,6,5,5,6,3,6,3,5,4,4,5,3,5,5,4,5,5,5,3,5,7,6,3,5,2,3,2,5,4,4,4,4,3,5,3,5,4
mean,female,faces,518912,female,either,26.7,4,3,1,4,5,3,5,2,4,1,5,1,3,3,2,3,3,3,2,3,4,1,4,5,3,3,4,1,2,3,6,3,2,3,5,3,5,4,2,5,3,3,3,3,5,4,5,3,5,5
mean,female,faces,518459,female,men,18.8,7,5,6,2,7,4,7,2,3,5,5,1,6,6,5,6,7,5,6,4,5,3,2,6,4,2,3,5,5,3,2,3,5,5,4,2,3,2,6,4,6,7,6,4,6,5,2,2,6,2
mean,female,faces,524121,female,men,22.0,6,6,2,3,2,3,5,5,6,6,3,3,5,5,3,5,2,2,5,5,5,3,5,3,6,2,3,5,5,4,5,3,3,3,2,3,4,3,4,3,3,5,5,3,5,2,3,3,3,6
mean,female,faces,524901,female,men,48.6,7,7,7,4,5,7,6,6,7,6,7,7,7,5,6,7,5,6,4,7,7,4,5,5,6,6,6,6,6,5,5,6,6,5,6,5,5,4,7,5,4,7,5,6,6,6,7,7,7,7
mean,female,faces,531803,female,men,19.5,5,6,5,1,4,1,5,1,6,7,6,7,1,1,1,3,7,2,5,2,7,6,5,6,1,4,7,4,1,6,7,6,1,4,3,2,5,7,3,4,2,5,1,4,6,2,4,3,7,5
mean,female,faces,526658,female,either,27.6,7,6,7,1,1,4,5,1,5,5,4,5,7,4,4,6,7,1,4,1,5,3,4,2,1,7,4,4,5,4,7,4,4,4,4,5,4,3,5,4,1,4,4,4,5,1,3,1,4,3
mean,female,faces,526005,female,men,24.6,1,1,1,1,1,1,3,1,3,3,1,1,1,1,1,1,2,1,1,1,3,1,1,1,1,1,1,1,1,1,1,1,1,1,3,1,1,1,1,1,1,1,1,1,1,1,1,1,2,3
mean,female,faces,525721,female,men,28.7,4,7,2,1,4,4,7,2,7,4,6,4,3,1,1,5,7,1,1,2,6,3,6,4,1,5,6,3,1,5,5,6,3,4,3,2,6,2,7,4,5,7,3,4,3,1,5,5,3,1
mean,female,faces,518081,female,men,20.5,6,6,5,3,2,4,6,1,5,5,5,5,4,3,3,2,5,1,5,3,3,4,5,4,3,2,5,6,3,4,6,5,4,4,5,2,1,3,5,1,2,6,2,3,6,2,4,2,5,4
responsible,female,faces,517731,male,women,36.4,3,3,5,2,4,4,1,4,5,5,2,3,4,4,3,5,2,3,1,3,2,3,6,2,5,4,2,6,3,5,3,2,5,4,4,5,3,7,3,4,4,4,3,4,2,4,4,6,5,1
responsible,female,faces,522830,male,women,21.4,3,3,4,2,5,5,4,5,5,3,4,3,5,4,4,4,3,4,4,5,2,4,3,5,2,4,5,4,4,5,5,4,4,4,3,4,4,5,4,4,3,6,2,5,3,3,4,4,4,4
responsible,female,faces,523365,male,women,34.7,5,4,4,3,5,3,3,5,4,3,3,2,4,3,4,3,4,5,4,4,3,2,2,5,4,2,3,3,4,3,3,4,5,6,3,3,4,3,3,4,6,3,5,5,2,4,4,5,4,2
responsible,female,faces,521795,male,men,33.0,2,2,5,2,2,4,5,3,7,4,6,3,2,4,1,3,1,4,2,3,4,1,4,1,3,1,4,5,2,4,4,3,1,4,4,4,3,4,3,3,4,5,2,5,2,2,3,4,2,3
responsible,female,faces,520654,male,women,36.7,3,5,4,5,6,5,3,5,3,3,4,2,3,5,4,6,3,6,4,6,3,5,4,5,6,4,5,4,6,5,4,6,3,5,5,5,5,6,4,6,4,5,4,4,5,6,4,6,3,6
responsible,female,faces,319828,male,women,38.8,3,3,3,4,6,6,2,6,3,1,4,1,3,3,2,4,2,3,3,7,5,3,6,7,3,4,4,1,3,2,4,4,4,5,5,5,6,5,5,4,3,5,5,2,4,7,5,4,7,6
responsible,female,faces,518750,male,men,29.2,2,5,5,6,6,5,2,3,4,3,5,2,1,2,3,4,2,3,2,4,3,6,3,6,6,7,6,5,3,5,3,4,4,5,4,4,2,5,4,4,3,2,4,3,3,2,6,4,3,4
responsible,female,faces,528322,male,women,25.1,4,5,2,2,3,1,4,1,2,1,7,1,1,1,2,3,1,1,3,3,3,2,4,3,2,3,3,1,1,3,5,4,1,1,3,4,7,2,1,3,3,3,1,1,2,2,3,1,2,2
responsible,female,faces,526498,male,women,55.6,2,3,2,4,5,3,1,4,3,4,3,1,1,3,4,4,4,4,3,3,2,4,5,6,5,5,4,4,3,4,3,4,4,4,4,5,3,6,3,5,5,2,3,4,4,5,2,6,4,5
responsible,female,faces,527849,male,women,57.6,2,5,4,3,3,5,1,5,1,5,4,4,1,3,4,2,3,4,2,4,2,4,3,4,4,4,4,5,4,3,4,4,2,4,4,2,4,4,4,5,4,3,1,4,4,3,5,5,4,4
responsible,female,faces,519945,female,women,23.1,2,3,5,5,6,6,5,3,4,4,3,1,3,7,5,7,4,4,1,5,3,2,4,5,4,7,5,6,2,6,5,5,2,5,4,5,5,7,4,6,5,2,4,7,3,6,5,4,6,2
responsible,female,faces,519478,female,women,19.5,4,4,5,5,5,4,4,3,4,3,4,3,3,3,4,4,1,3,3,5,3,5,4,3,5,5,6,5,4,4,5,4,2,2,5,4,5,4,4,5,4,4,4,4,3,5,7,4,6,4
responsible,female,faces,524834,female,men,32.1,2,4,3,1,6,6,4,4,3,5,4,1,2,6,7,4,5,2,2,4,4,3,4,1,5,1,4,3,5,5,6,2,2,3,6,3,2,7,3,2,1,3,4,6,6,5,3,5,4,4
responsible,female,faces,526527,female,men,19.1,3,2,5,5,6,4,3,4,4,4,2,2,3,5,5,3,2,4,3,4,3,4,5,3,5,3,4,5,4,3,3,3,3,4,4,5,5,4,2,5,4,5,3,4,5,4,5,4,4,2
responsible,female,faces,525576,female,men,59.7,5,6,4,1,5,6,1,3,2,3,5,4,3,6,7,5,3,6,2,4,3,5,5,4,1,7,5,7,6,6,4,2,5,6,6,4,4,5,5,4,2,1,6,5,7,3,2,2,2,7
responsible,female,faces,518252,female,men,40.0,5,2,6,6,6,6,2,4,4,4,6,2,2,5,2,5,2,4,2,3,2,3,2,4,2,5,4,3,3,2,2,2,1,6,5,4,4,5,6,6,2,5,2,6,3,4,4,7,2,5
responsible,female,faces,518460,female,men,21.2,3,5,2,3,6,4,2,2,4,3,4,2,3,3,3,2,3,3,3,4,2,3,3,3,5,3,3,2,4,3,3,3,4,2,5,4,3,5,3,4,3,3,3,3,4,4,4,4,2,3
responsible,female,faces,518896,female,men,20.6,2,1,6,2,5,2,1,6,6,3,4,3,4,4,6,5,5,6,2,4,2,1,1,3,4,4,2,3,3,2,3,3,2,3,5,5,5,6,4,1,2,4,3,5,4,6,6,5,2,5
responsible,female,faces,523719,female,men,58.8,6,4,3,1,7,4,2,3,3,2,3,1,3,5,3,4,4,5,2,6,1,3,5,5,4,3,6,1,2,2,7,3,2,2,3,5,4,5,5,6,4,3,3,5,5,3,7,5,3,2
responsible,female,faces,525960,female,men,35.7,2,1,3,5,7,5,1,1,5,2,3,1,1,4,6,5,1,4,2,2,2,4,2,7,7,4,7,7,6,4,4,1,7,4,5,4,7,7,1,3,3,6,3,5,4,6,5,5,1,2
sociable,female,faces,4976,male,,35.2,6,2,1,6,3,2,1,4,1,1,5,1,1,1,1,6,2,1,1,3,1,6,5,6,2,2,5,7,1,1,7,3,1,2,4,1,2,1,1,2,4,1,3,1,3,1,6,1,1,7
sociable,female,faces,522733,male,women,70.1,3,4,4,6,4,4,3,5,3,4,4,4,4,4,4,4,4,4,4,5,4,4,4,5,5,5,5,4,4,4,4,4,4,4,4,5,5,4,4,4,5,4,4,4,4,4,4,5,4,5
sociable,female,faces,528312,male,women,35.3,3,5,2,1,5,3,4,3,7,3,4,3,2,1,2,2,2,3,3,3,3,2,2,3,2,3,3,2,3,3,6,7,4,2,6,1,6,2,3,4,2,2,3,3,2,5,2,3,5,6
sociable,female,faces,521656,male,women,23.8,2,2,1,6,3,2,2,5,2,2,2,1,2,2,2,5,1,3,2,2,2,3,2,3,4,3,3,2,2,2,3,2,2,2,3,4,2,5,3,3,2,2,2,4,2,2,2,2,2,4
sociable,female,faces,526171,male,men,20.5,1,3,6,5,5,1,1,1,2,1,1,7,1,1,4,2,1,2,1,3,1,3,1,2,5,5,3,1,1,1,1,1,1,1,1,2,2,1,1,2,4,1,1,1,1,1,4,1,1,1
sociable,female,faces,520018,male,either,21.8,5,5,2,6,7,6,5,3,7,5,4,4,3,3,6,5,5,6,5,4,2,4,2,6,6,5,6,4,5,5,6,5,4,5,7,7,6,3,6,6,6,6,6,7,6,4,6,6,4,7
sociable,female,faces,518593,male,men,41.9,2,3,2,3,3,3,3,1,3,3,3,3,3,3,3,3,3,2,3,3,4,3,2,3,3,3,3,3,3,2,4,3,3,2,3,3,3,2,3,3,3,3,3,3,2,3,3,2,3,3
sociable,female,faces,518076,male,women,24.2,2,3,2,4,5,2,2,2,6,3,3,1,3,2,2,1,3,2,1,2,4,2,6,3,1,1,2,5,2,1,4,4,2,1,5,2,2,3,3,1,1,1,2,2,3,3,4,5,4,3
sociable,female,faces,523383,male,men,36.3,2,4,5,5,5,3,3,5,3,2,2,3,3,5,4,2,3,5,3,4,3,3,4,5,6,5,3,5,3,4,4,4,4,4,4,5,4,5,4,5,5,4,3,5,4,3,5,3,3,4
sociable,female,faces,527786,male,women,29.1,2,4,2,4,2,2,3,3,3,2,4,1,1,3,2,5,1,3,1,4,3,4,3,5,5,4,3,3,5,3,4,4,3,3,4,2,7,2,2,4,4,1,2,3,4,6,4,3,2,3
sociable,female,faces,524149,female,men,26.0,4,5,1,2,5,1,3,3,2,1,3,1,3,1,3,1,1,1,1,5,4,3,3,5,3,3,1,1,3,3,7,3,5,1,3,3,6,3,4,1,3,1,3,2,3,4,4,3,1,2
sociable,female,faces,517717,female,men,26.0,3,2,3,6,4,2,3,2,4,2,4,2,2,2,2,3,2,3,2,2,3,3,6,5,5,3,4,3,2,3,2,5,2,4,2,3,3,4,2,2,2,2,2,3,3,2,3,2,2,4
sociable,female,faces,525938,female,men,18.1,3,2,4,5,5,4,4,4,1,2,5,3,4,4,1,3,4,2,3,4,4,5,2,2,6,5,4,3,3,3,3,2,1,7,3,4,4,4,2,6,3,4,3,5,2,7,6,3,4,4
sociable,female,faces,524817,female,men,47.3,2,4,4,6,5,2,1,5,3,3,3,4,1,3,5,4,3,4,1,5,3,5,2,6,5,5,4,2,3,2,4,5,1,5,3,6,4,3,6,4,2,2,2,1,5,3,3,4,2,5
sociable,female,faces,526493,female,men,23.1,1,2,1,3,3,2,3,3,3,1,1,2,2,1,1,2,1,5,2,4,1,2,2,1,2,2,5,1,3,1,6,2,2,1,4,2,4,3,2,2,1,1,1,4,3,4,1,1,3,2
sociable,female,faces,525449,female,women,44.4,2,3,2,7,7,3,1,5,3,3,4,1,2,6,2,1,2,4,2,3,1,3,5,7,5,5,6,2,2,5,5,7,7,3,3,7,5,4,1,5,6,1,4,1,6,5,3,7,4,3
sociable,female,faces,519931,female,men,18.8,6,6,2,7,4,2,3,4,6,3,5,1,2,3,4,6,2,3,5,5,3,4,5,5,6,7,5,5,4,5,6,6,3,2,5,5,6,4,3,3,2,3,3,4,5,2,2,3,4,6
sociable,female,faces,518401,female,men,19.9,1,7,2,6,3,3,4,3,3,2,5,1,1,3,1,4,4,3,2,1,5,3,4,4,3,3,4,2,1,3,6,7,2,3,6,3,7,6,4,4,2,2,3,3,3,2,3,4,3,5
sociable,female,faces,519036,female,men,27.0,4,2,3,5,4,4,2,3,3,2,2,1,2,2,4,2,3,4,3,2,3,3,3,4,5,2,4,2,3,2,5,5,2,3,4,4,4,3,3,4,3,2,2,3,3,3,3,4,2,4
sociable,female,faces,519415,female,women,18.3,5,7,1,7,4,1,1,1,1,1,3,1,1,1,1,6,1,1,7,1,7,1,4,7,2,5,7,1,1,1,7,7,4,2,1,5,7,5,1,3,1,1,1,2,2,3,1,1,1,7
trustworthy,female,faces,522978,male,women,37.6,3,4,3,5,4,6,4,4,3,4,3,4,5,3,3,4,4,4,4,6,4,4,6,3,4,6,5,3,4,3,5,3,5,4,3,3,6,4,4,5,6,4,4,2,3,6,6,4,3,4
trustworthy,female,faces,526787,male,women,24.0,3,3,2,3,3,4,2,2,3,2,3,3,4,3,4,4,2,3,3,3,2,4,3,5,3,5,4,3,3,3,4,2,3,3,5,4,5,3,3,5,4,3,3,4,4,3,5,3,5,4
trustworthy,female,faces,527877,male,women,23.0,2,2,3,5,5,3,3,4,3,3,3,2,4,5,3,5,3,4,3,5,3,5,5,3,3,2,3,3,3,3,3,4,4,3,3,3,4,5,3,6,4,3,3,3,5,4,5,6,4,5
trustworthy,female,faces,528480,male,women,29.0,3,3,3,3,3,2,3,3,3,3,3,3,3,3,3,3,3,3,3,3,3,3,3,3,3,3,3,3,3,3,3,3,3,3,1,3,3,3,3,3,3,3,3,3,3,3,3,3,3,3
trustworthy,female,faces,523763,male,women,39.8,2,4,4,4,5,3,3,3,2,1,3,2,1,3,4,5,1,3,1,5,4,3,3,1,4,3,3,1,3,4,4,4,2,4,5,5,6,5,2,5,2,2,6,3,5,4,4,6,5,4
trustworthy,female,faces,522061,male,women,21.7,3,4,5,5,6,4,3,4,4,3,4,4,3,4,4,3,2,5,2,4,4,3,4,5,4,5,3,5,4,4,4,5,3,4,5,5,3,5,4,4,2,4,4,5,4,3,6,4,4,4
trustworthy,female,faces,521068,male,women,19.2,4,4,4,5,7,5,3,3,2,3,3,2,7,6,4,3,1,4,3,3,3,5,3,3,3,3,3,3,5,3,3,3,5,3,6,4,5,4,3,5,6,4,3,2,5,2,4,5,4,2
trustworthy,female,faces,525638,male,women,19.1,3,2,5,5,7,5,4,5,4,6,4,5,5,5,4,6,5,5,4,3,4,3,4,3,7,6,5,5,6,5,3,3,5,5,3,4,5,5,4,6,2,5,5,4,5,5,4,6,2,4
trustworthy,female,faces,519299,male,women,18.7,2,4,2,1,2,2,1,3,2,2,4,1,3,2,2,2,1,2,1,1,4,2,3,2,4,2,2,2,2,1,4,2,4,3,4,2,3,1,2,5,3,2,3,2,3,4,5,2,2,1
trustworthy,female,faces,414597,male,men,22.6,4,4,4,6,6,4,4,4,4,4,4,2,3,3,3,4,2,5,5,6,4,6,4,5,6,4,4,6,4,5,3,4,4,5,3,3,4,5,2,5,7,3,3,3,4,4,4,5,3,4
trustworthy,female,faces,520032,female,neither,24.2,3,3,4,3,5,4,4,5,3,3,3,3,4,4,4,4,3,4,3,4,3,3,3,4,5,3,4,4,4,3,3,4,3,4,4,5,4,4,3,4,3,4,4,4,3,4,5,4,4,3
trustworthy,female,faces,524963,female,either,20.1,6,1,2,7,6,6,5,7,3,5,7,1,2,1,4,7,2,6,5,7,3,5,7,5,1,3,7,2,1,5,6,7,3,2,4,5,4,7,5,4,3,1,4,1,3,6,2,7,7,5
trustworthy,female,faces,518167,female,men,20.1,5,4,5,6,6,4,3,5,3,4,4,5,5,3,4,5,3,4,4,5,3,3,4,5,6,5,4,5,4,3,5,5,3,3,2,5,6,6,4,6,3,3,3,5,5,4,5,5,3,3
trustworthy,female,faces,519066,female,women,22.6,3,4,3,4,6,5,2,7,3,3,3,4,5,5,5,5,3,5,5,6,2,5,5,3,6,3,3,3,5,4,4,4,3,5,3,6,4,5,3,6,3,2,4,5,3,6,6,7,4,4
trustworthy,female,faces,519613,female,men,21.8,1,6,3,7,6,2,6,5,2,2,5,2,6,5,5,2,3,1,6,6,3,7,6,2,5,7,7,1,6,6,6,7,6,3,2,6,7,5,5,6,1,2,5,2,6,4,3,5,7,5
trustworthy,female,faces,525778,female,men,26.1,1,3,2,7,7,2,4,4,4,2,3,1,3,2,3,3,2,3,3,6,3,5,1,5,7,5,1,3,4,4,4,5,3,5,3,5,5,6,4,3,4,1,4,5,1,2,2,5,1,5
trustworthy,female,faces,524291,female,men,19.0,4,4,5,3,6,7,6,6,5,4,5,2,3,3,5,7,2,4,4,7,1,4,3,5,4,3,3,7,7,3,2,3,3,3,7,6,6,6,5,7,6,3,5,4,6,7,3,6,5,2
trustworthy,female,faces,518489,female,either,20.0,3,3,2,4,4,2,2,4,3,2,1,3,3,5,2,4,2,5,2,3,4,4,2,3,4,3,1,2,1,2,4,2,2,2,3,4,6,4,3,4,3,2,3,5,5,4,4,3,2,3
trustworthy,female,faces,526107,female,men,21.9,4,5,4,5,5,4,4,5,5,4,5,4,4,5,4,5,5,4,3,5,4,5,4,4,5,6,5,5,4,5,4,5,5,4,3,6,5,5,5,3,4,4,5,4,5,4,5,6,5,4
trustworthy,female,faces,526705,female,men,23.9,2,2,1,2,3,2,2,3,2,2,3,2,1,2,2,2,1,2,2,2,1,2,2,2,3,2,3,2,2,2,2,1,2,2,2,2,2,2,2,2,2,2,2,2,2,2,4,1,2,3
trustworthy,female,faces,526706,female,men,19.0,1,2,3,4,4,4,3,3,2,4,3,2,4,4,3,3,2,4,2,4,3,4,3,5,5,3,4,3,4,3,2,4,2,3,4,4,4,5,3,5,4,3,3,4,4,2,3,3,3,4
weird,female,faces,523345,male,women,50.4,6,1,7,5,2,5,5,6,4,5,4,7,6,5,5,5,7,5,6,6,4,1,5,3,5,4,4,6,6,4,2,5,2,5,2,5,1,5,6,4,2,7,6,5,3,2,5,7,5,2
weird,female,faces,518270,male,women,19.1,3,4,5,1,1,5,2,4,2,2,1,5,2,4,2,5,6,2,3,5,2,2,2,2,4,2,3,3,2,1,1,1,3,4,1,2,1,3,4,2,4,4,5,4,3,4,2,3,5,2
weird,female,faces,528709,male,women,31.5,7,4,7,6,1,4,4,6,3,7,1,6,3,4,5,6,5,4,6,6,4,5,6,3,6,5,5,5,5,6,5,3,6,4,3,6,2,5,6,6,6,6,3,5,5,5,6,5,5,6
weird,female,faces,519669,male,women,18.9,6,6,6,6,2,3,5,5,3,3,2,7,3,2,6,2,5,4,5,5,3,3,2,2,4,3,3,2,2,4,1,5,5,2,2,2,2,1,2,2,5,3,5,5,4,4,5,3,6,4
weird,female,faces,522375,male,women,39.0,6,3,6,6,3,6,5,5,5,6,4,6,5,5,5,5,6,4,7,4,4,4,7,4,4,5,5,6,5,6,4,6,5,6,4,5,4,4,6,5,5,5,5,4,4,4,5,5,5,4
weird,female,faces,521200,male,women,26.0,4,3,5,5,2,4,4,4,4,5,4,5,4,3,5,4,4,4,5,4,5,3,4,3,5,3,4,2,4,5,3,4,3,2,3,5,3,5,3,3,4,4,3,2,2,3,3,3,5,5
weird,female,faces,524922,male,men,32.0,7,7,7,7,7,7,7,7,7,7,7,7,7,7,7,7,7,7,7,7,7,7,7,7,7,7,7,7,7,7,7,7,7,7,7,7,7,7,7,7,7,7,7,7,7,7,7,7,7,7
weird,female,faces,528155,male,women,43.5,7,1,7,7,2,4,6,5,4,3,5,7,4,5,5,6,7,2,5,7,4,3,2,3,4,4,3,5,6,6,2,7,4,5,2,4,2,3,6,3,6,5,7,5,6,2,4,2,7,5
weird,female,faces,526049,male,women,37.0,4,4,7,4,4,5,4,5,4,5,4,7,5,4,5,5,5,5,5,4,4,5,5,4,5,6,4,5,6,6,4,6,5,5,5,3,4,5,6,5,4,6,7,5,4,4,6,7,5,4
weird,female,faces,527556,male,women,21.4,7,7,7,7,5,6,7,7,3,7,6,7,6,7,7,7,7,6,5,7,4,7,7,6,7,5,6,7,7,7,6,6,7,7,6,7,6,6,7,7,7,7,7,7,7,5,5,7,7,4
weird,female,faces,525234,female,men,18.7,4,5,7,4,3,6,5,4,4,5,5,5,4,3,4,3,7,3,4,7,5,7,6,3,4,6,5,3,7,4,4,2,5,3,4,7,5,5,7,4,7,6,4,7,5,6,6,5,6,4
weird,female,faces,522345,female,men,32.1,5,3,7,4,4,6,7,4,6,7,5,7,5,5,5,6,5,2,7,6,3,5,5,3,2,4,4,5,4,6,3,6,4,4,3,6,3,6,5,7,5,4,6,4,2,4,5,5,3,2
weird,female,faces,520303,female,men,24.1,7,3,7,2,3,5,4,6,2,7,6,7,3,6,2,7,7,3,6,5,2,4,4,6,5,7,6,6,5,7,4,6,5,6,3,3,6,4,7,3,2,5,3,2,2,3,5,5,7,4
weird,female,faces,526790,female,men,21.3,6,2,6,3,2,5,5,5,5,5,3,6,5,5,5,3,5,5,6,5,5,4,3,3,5,3,3,6,5,6,3,2,5,5,3,5,2,3,5,3,5,5,4,4,4,5,3,4,5,3
weird,female,faces,518675,female,men,25.6,4,4,6,6,3,6,3,3,4,5,4,6,3,3,1,5,4,2,5,5,2,5,6,5,6,3,4,3,1,6,4,5,4,4,4,4,6,4,4,6,6,4,6,2,1,3,4,5,6,4
weird,female,faces,519193,female,women,43.8,7,4,7,5,2,6,4,4,7,6,5,7,4,6,5,7,5,6,7,7,5,5,4,5,5,4,5,5,5,7,3,5,6,5,6,5,3,6,7,5,3,5,7,4,3,4,5,5,5,4
weird,female,faces,526159,female,men,20.3,4,4,4,4,4,4,4,4,4,4,4,5,4,4,3,4,4,4,4,4,4,4,4,4,4,4,4,4,4,4,4,4,4,4,4,4,4,4,4,4,4,4,4,5,4,4,4,4,4,3
weird,female,faces,407692,female,men,32.7,7,5,7,6,3,6,6,4,5,6,5,6,5,5,3,2,6,4,5,4,5,3,6,1,2,5,6,3,5,7,3,7,5,3,4,7,2,5,6,4,3,6,6,3,4,2,2,6,7,3
weird,female,faces,525810,female,men,21.2,5,2,3,4,3,4,5,5,3,3,3,5,3,3,3,2,5,4,5,4,3,4,3,5,3,2,4,3,3,3,4,5,5,4,2,4,3,3,4,2,2,4,3,4,4,3,2,3,2,3
weird,female,faces,519820,female,men,19.9,4,2,5,4,3,4,5,5,4,4,4,4,4,4,5,4,5,4,4,5,4,4,4,3,4,4,4,4,4,4,3,5,4,4,3,4,4,4,4,4,4,5,4,4,4,4,4,4,4,4
