judgment,stimulus_sex,type,user_id,rater_sex,sexpref,rater_age,andrej,aurel,bernard,blazej,boris,bretislav,bystrik,cenek,cestmir,cornelius,cyril,dalimil,denis,dionyz,dominik,drahomir,elias,ferdinand,gabriel,hanus,henrich,hynek,josef,justin,kamil,kazimir,leonard,libor,lumir,maxim,mike,milos,mojmir,moric,oleg,oliver,patrik,prokop,ramiro,rehor,rudolf,sobeslav,stefan,svatopluk,tichomir,tomasi,valer,vasil,vendelin,vladislav
aggressive,male,body,522756,male,women,25.2,3,2,1,2,3,2,4,1,3,2,2,2,4,2,2,1,3,3,3,4,1,2,2,1,1,2,2,1,2,2,4,2,3,2,1,1,2,2,2,3,2,1,2,3,3,3,3,2,3,2
aggressive,male,body,523373,male,either,40.7,1,1,1,2,2,1,3,2,2,2,2,2,1,1,1,1,2,2,1,2,1,1,2,1,2,1,1,2,2,2,1,1,2,2,2,1,2,1,1,2,2,1,2,2,2,2,1,1,2,1
aggressive,male,body,521740,male,men,32.5,3,3,4,1,4,3,2,2,5,1,3,1,5,1,1,1,2,5,6,3,1,3,2,1,1,1,3,4,1,1,2,1,1,2,2,1,1,1,3,4,1,1,1,1,4,1,3,1,5,1
aggressive,male,body,520855,male,women,20.8,1,1,1,2,1,3,5,1,1,1,1,1,3,1,2,1,2,2,2,1,1,2,2,1,2,1,2,1,1,2,3,2,1,1,1,1,1,2,1,1,1,1,1,2,1,1,2,1,2,2
aggressive,male,body,519061,male,women,21.5,4,3,4,4,4,3,5,4,4,3,4,3,4,3,3,3,4,4,4,4,3,3,4,2,3,3,4,4,4,4,4,3,4,2,4,2,4,3,4,5,3,4,3,3,4,4,4,3,4,2
aggressive,male,body,524922,male,men,32.0,7,7,7,7,7,7,7,7,7,7,7,7,7,7,7,7,7,7,7,7,7,7,7,7,7,7,7,7,7,7,7,7,7,7,7,7,7,7,7,7,7,7,7,7,7,7,7,7,7,7
aggressive,male,body,527190,male,either,19.0,4,4,2,4,4,5,7,2,2,5,5,3,4,4,1,3,4,4,4,3,3,2,4,2,2,4,3,3,3,5,6,3,2,4,3,1,4,4,4,4,3,3,4,4,5,5,5,4,5,2
aggressive,male,body,529978,male,women,42.1,5,4,4,4,5,4,4,3,4,3,4,4,4,3,1,4,6,3,4,4,3,4,4,2,4,4,4,5,3,4,4,4,3,4,4,3,2,3,3,6,4,5,4,3,4,5,3,4,5,3
aggressive,male,body,527549,male,women,25.4,6,4,4,5,4,7,7,5,5,4,4,5,4,5,2,3,6,3,5,5,3,4,4,3,4,5,5,4,5,4,5,3,5,6,5,3,4,5,7,5,4,4,5,5,6,5,5,5,5,5
aggressive,male,body,528173,male,women,21.0,1,1,2,2,1,3,3,2,3,1,2,2,1,1,1,2,3,2,4,1,1,1,2,1,3,1,1,2,3,1,1,1,1,1,1,1,1,1,2,4,1,1,2,2,2,3,1,1,3,1
aggressive,male,body,526639,female,men,24.5,4,2,1,4,1,4,6,1,5,2,3,4,5,3,2,2,4,4,5,4,3,3,2,2,1,2,2,3,4,4,4,2,3,3,2,1,2,3,4,4,2,1,1,4,3,4,3,3,3,2
aggressive,male,body,524250,female,men,20.3,3,1,5,4,1,1,4,4,4,1,2,3,7,7,1,1,5,1,1,2,1,1,3,1,5,1,1,6,1,2,1,1,6,2,5,1,5,1,2,3,4,6,2,5,1,2,1,7,2,1
aggressive,male,body,518187,female,men,19.6,1,1,1,4,4,3,6,1,2,1,1,4,1,2,1,5,1,5,4,1,1,5,1,1,1,2,1,1,3,3,6,1,2,5,2,1,5,1,3,5,1,1,1,1,5,3,1,1,4,1
aggressive,male,body,525094,female,men,25.6,3,2,1,1,1,2,6,2,5,1,3,3,4,2,1,1,4,1,4,3,1,2,2,2,1,1,2,2,2,3,5,2,3,2,2,1,1,1,1,2,2,5,2,3,2,2,1,2,3,1
aggressive,male,body,525591,female,men,43.5,3,2,1,3,2,2,4,1,3,4,1,4,4,2,2,2,3,3,4,3,2,2,2,1,3,1,1,1,2,3,2,1,3,2,3,1,1,2,3,3,1,1,1,2,3,3,3,2,1,2
aggressive,male,body,520673,female,men,19.3,2,1,1,1,5,5,1,1,1,2,1,1,1,4,1,1,6,1,2,2,1,1,1,1,1,1,1,1,3,3,5,1,3,1,2,1,1,1,1,6,1,1,1,3,5,7,4,1,1,1
aggressive,male,body,518994,female,men,19.0,2,2,6,5,3,5,5,1,5,7,5,3,4,7,3,2,2,5,5,5,3,4,3,1,4,6,2,6,4,5,4,7,3,5,3,4,3,6,4,4,3,6,4,3,3,6,3,2,2,7
aggressive,male,body,525846,female,men,31.8,3,1,1,3,2,4,5,1,6,2,4,3,3,3,1,2,2,3,2,4,1,3,2,1,1,1,1,3,2,2,2,3,1,2,1,1,2,2,4,3,3,1,2,3,4,4,1,1,3,1
aggressive,male,body,526524,female,women,20.4,3,2,1,3,3,4,4,4,5,2,4,4,4,3,3,2,4,5,3,5,1,3,3,2,5,3,3,2,3,2,5,2,2,3,3,2,3,4,4,3,3,2,2,2,4,3,3,4,2,2
aggressive,male,body,292535,female,men,27.4,2,1,5,4,3,2,6,5,5,2,3,1,4,5,1,5,3,4,3,5,3,3,1,1,7,2,3,1,3,4,5,2,2,2,4,1,2,4,5,4,3,4,2,3,3,3,2,2,5,3
aggressive,male,body,526569,female,either,26.0,7,5,3,6,4,6,7,2,4,6,4,6,6,7,5,3,6,4,6,3,4,4,4,3,3,3,3,3,6,5,4,4,6,7,3,5,6,4,7,3,3,2,4,6,4,7,5,5,3,5
aggressive,male,body,519608,female,men,35.4,5,2,2,4,2,3,4,3,3,2,3,3,5,3,2,3,3,3,3,4,3,3,4,2,4,3,4,3,3,4,3,2,3,3,3,2,3,3,4,2,3,3,2,3,3,3,4,3,3,2
attractive,male,body,523858,male,women,48.9,6,5,3,6,6,7,6,3,6,5,6,6,7,6,5,5,5,5,7,4,5,6,5,5,5,5,6,4,5,6,6,6,6,6,5,5,6,5,7,5,5,4,5,6,5,6,6,6,6,6
attractive,male,body,525381,male,men,21.6,5,6,4,3,3,3,2,5,5,4,4,5,4,6,3,6,2,3,6,3,3,2,6,3,5,5,7,4,4,4,1,5,5,4,5,2,3,3,3,6,6,3,1,6,6,5,5,5,6,6
attractive,male,body,527987,male,women,26.8,5,3,3,5,3,5,5,3,3,3,4,4,5,3,3,3,5,3,5,3,3,4,3,3,3,3,3,3,5,3,4,3,3,5,3,3,4,3,4,3,3,3,3,5,3,4,5,4,4,3
attractive,male,body,528424,male,women,26.6,1,1,1,1,1,5,5,1,1,1,1,1,1,1,1,1,1,1,1,1,1,1,1,1,1,1,1,3,1,1,1,1,1,1,1,3,1,1,4,1,3,1,1,1,1,3,1,3,1,1
attractive,male,body,510849,male,either,33.5,5,2,1,6,1,6,5,1,4,3,2,4,5,2,1,1,5,2,1,1,1,4,1,1,1,1,1,2,3,5,6,2,5,4,1,1,1,1,5,2,2,1,1,4,2,5,3,3,3,5
attractive,male,body,529610,male,women,26.5,5,4,2,5,3,5,5,2,3,4,4,4,4,5,3,3,5,4,5,3,3,4,2,3,2,3,3,3,3,5,4,3,4,3,3,3,3,3,3,3,3,2,4,3,5,5,4,4,5,3
attractive,male,body,531789,male,women,19.4,6,3,2,4,4,6,5,2,3,3,4,4,6,3,3,3,4,4,6,3,2,3,2,3,2,2,4,3,3,3,5,3,4,3,4,2,3,3,4,4,4,3,4,3,4,5,4,5,4,5
attractive,male,body,518642,male,women,22.3,3,2,2,3,2,4,4,1,2,2,2,5,2,2,2,2,3,2,3,3,2,4,2,3,1,1,2,2,2,3,4,1,2,3,2,1,2,2,3,2,2,2,3,2,3,5,3,1,2,3
attractive,male,body,519646,male,women,45.2,5,4,2,4,4,4,5,2,2,4,3,5,5,4,1,2,4,2,4,4,3,3,3,3,2,3,5,4,5,5,4,3,5,5,3,1,5,2,4,3,3,3,2,4,3,6,5,4,3,5
attractive,male,body,521172,male,women,42.8,4,3,2,5,3,5,6,1,4,5,5,3,6,5,1,2,5,4,5,3,3,4,2,3,2,2,4,2,3,3,5,2,3,3,3,2,4,3,2,3,3,2,2,4,4,6,4,4,2,4
attractive,male,body,524559,female,men,52.2,6,5,3,6,4,5,7,2,6,4,5,4,6,4,3,3,5,4,6,6,4,5,4,3,2,4,4,3,5,5,7,4,6,5,3,3,6,4,3,5,4,2,3,4,5,2,4,4,6,6
attractive,male,body,526265,female,either,35.8,5,4,3,7,5,6,6,5,5,4,4,4,6,6,3,2,4,4,5,5,2,7,4,3,2,3,3,4,3,5,7,2,4,6,5,2,5,3,4,6,5,3,4,5,3,4,5,5,6,3
attractive,male,body,518808,female,men,25.7,6,4,1,5,4,4,7,1,2,1,1,2,6,1,1,1,4,2,1,3,1,2,1,1,1,1,1,1,1,1,1,1,5,5,3,1,1,1,2,4,1,1,3,1,1,6,1,1,1,1
attractive,male,body,525793,female,men,19.1,3,1,2,3,2,6,5,1,3,3,2,4,5,4,1,2,4,1,2,2,2,2,2,2,2,3,2,2,3,3,4,2,5,2,3,1,2,3,4,3,2,2,2,3,2,4,2,3,4,3
attractive,male,body,520473,female,men,19.0,5,1,1,3,1,3,4,1,5,1,3,4,5,3,1,1,5,1,5,2,1,2,3,1,2,1,1,2,1,1,2,2,4,2,1,1,1,1,4,4,1,1,2,3,2,4,4,4,5,2
attractive,male,body,513681,female,men,18.3,5,2,1,4,2,5,4,2,3,2,2,3,3,2,1,3,3,2,4,3,3,4,3,2,1,3,1,3,4,4,6,2,4,3,2,1,2,2,3,4,2,1,2,2,3,3,3,2,3,2
attractive,male,body,519268,female,men,18.2,4,2,2,5,1,6,7,1,4,2,1,6,5,5,1,1,4,2,5,2,1,1,3,1,2,3,5,4,4,5,5,3,5,3,2,3,3,4,4,1,4,4,1,3,1,5,4,1,2,1
attractive,male,body,520733,female,men,23.1,3,1,1,5,5,5,7,1,1,1,1,4,5,1,1,2,6,4,1,5,1,4,2,1,4,1,4,1,1,1,5,1,4,4,1,1,3,2,4,5,1,1,1,1,5,1,1,4,1,2
attractive,male,body,519870,female,men,21.6,5,3,3,5,3,4,5,2,3,2,3,4,3,5,1,3,6,5,3,4,3,2,1,2,5,3,3,5,4,5,3,3,6,5,6,1,3,3,3,3,3,5,2,3,2,5,3,3,5,3
attractive,male,body,517909,female,either,19.0,5,5,4,4,4,3,3,3,3,5,4,5,3,5,4,3,3,3,4,3,6,5,5,5,3,5,5,4,5,3,3,4,4,4,4,6,3,3,2,4,6,2,2,4,5,3,4,4,5,3
caring,male,body,523478,male,women,19.4,5,2,2,4,3,5,7,1,5,3,4,4,6,3,3,2,5,2,6,2,4,4,3,2,2,4,4,3,5,5,6,3,5,2,3,2,4,3,5,5,1,1,4,5,3,4,4,4,4,3
caring,male,body,522665,male,women,29.1,4,3,4,4,3,3,4,2,2,4,4,4,4,2,4,2,3,3,3,4,5,5,3,3,2,2,4,3,5,4,5,3,5,3,5,3,3,3,3,4,3,2,2,4,3,4,5,3,3,4
caring,male,body,521614,male,women,50.2,3,6,6,2,4,3,2,6,2,5,5,5,3,5,6,6,4,3,3,3,6,5,4,5,6,6,5,4,6,4,1,5,5,2,6,5,5,5,4,3,4,3,4,3,2,2,4,6,4,5
caring,male,body,529907,male,women,20.5,6,4,4,6,4,7,7,3,5,4,4,5,6,3,3,3,5,4,5,4,4,4,3,4,4,4,4,4,5,4,6,4,5,4,4,3,3,4,6,4,4,3,3,6,4,5,5,4,5,5
caring,male,body,520671,male,women,19.5,6,5,2,5,4,6,7,2,5,4,4,4,5,4,6,3,5,5,6,6,6,4,4,4,2,4,4,3,4,5,6,4,6,5,4,4,4,4,6,4,4,3,4,4,6,4,6,5,6,5
caring,male,body,524894,male,women,27.5,5,4,1,5,3,5,6,1,5,4,4,5,5,4,1,2,4,2,4,1,1,4,3,3,2,4,4,2,4,4,5,4,6,5,4,3,3,2,6,4,3,2,3,5,3,5,5,4,3,4
caring,male,body,303586,male,women,37.1,6,3,3,4,5,3,5,1,5,4,5,5,4,5,2,1,5,3,3,6,2,4,4,3,2,3,4,3,5,7,3,3,5,4,2,4,3,2,3,2,4,4,6,6,5,6,5,5,3,3
caring,male,body,526274,male,women,21.3,5,5,2,6,4,6,7,2,2,5,7,2,6,4,4,1,4,3,3,2,3,6,3,5,5,3,4,5,6,4,6,5,5,4,3,5,3,3,4,3,6,3,3,5,1,5,4,5,6,6
caring,male,body,528164,male,women,20.4,4,3,2,3,2,5,6,1,5,2,3,5,6,4,1,2,4,2,2,3,3,4,1,1,1,1,2,3,3,3,5,2,4,3,4,2,3,3,3,4,3,2,2,1,4,4,3,3,4,2
caring,male,body,529147,male,women,28.7,3,3,5,3,3,2,3,5,5,4,4,4,3,5,4,5,5,4,4,5,5,4,4,3,3,3,4,2,3,4,4,3,4,4,5,3,4,4,2,5,3,3,3,3,4,5,3,5,5,3
caring,male,body,518180,female,men,19.2,5,2,2,5,2,5,7,1,2,2,4,4,5,4,3,1,5,1,3,2,4,3,2,2,2,1,1,1,2,3,5,2,4,3,1,1,3,1,5,2,1,1,1,4,1,5,3,4,4,3
caring,male,body,518993,female,either,19.0,5,2,1,6,3,6,4,1,1,2,2,4,6,5,1,1,4,2,5,2,1,3,2,2,3,4,1,3,5,4,3,3,5,3,2,1,2,2,4,5,1,4,3,6,3,5,6,2,2,4
caring,male,body,519556,female,men,21.6,5,5,3,4,5,3,3,3,3,6,6,6,5,3,4,2,5,4,5,4,6,5,3,6,3,5,6,3,4,6,3,6,5,4,2,5,6,3,4,4,5,3,4,5,4,4,4,4,5,4
caring,male,body,524966,female,men,21.6,2,6,7,7,3,4,7,7,7,7,7,5,6,7,7,6,3,6,7,7,6,7,7,7,2,7,5,4,4,7,1,1,7,7,7,7,3,7,4,7,7,1,7,4,7,5,3,7,2,5
caring,male,body,526340,female,men,26.3,5,4,4,5,4,6,6,2,5,4,4,4,5,4,3,2,4,3,4,4,3,5,3,4,3,4,4,4,4,4,6,3,5,5,4,2,4,3,4,4,4,4,3,4,4,6,4,3,5,3
caring,male,body,520267,female,men,19.6,5,2,2,4,2,6,7,2,3,3,4,4,6,3,3,3,5,2,5,2,2,2,3,3,1,3,3,2,4,3,6,4,2,5,3,2,3,4,5,3,3,2,4,4,3,6,4,2,4,3
caring,male,body,524173,female,men,18.4,2,6,5,3,4,3,2,3,3,3,6,5,3,5,3,3,4,2,3,2,4,5,5,4,3,4,5,4,5,3,4,4,4,3,2,5,4,3,2,3,5,5,3,4,3,5,4,4,4,5
caring,male,body,520665,female,either,30.4,5,5,3,3,4,4,3,3,3,3,5,4,4,4,5,2,4,2,2,2,3,4,4,3,3,3,4,2,3,4,3,3,4,3,5,5,3,3,3,3,4,3,3,4,2,6,4,4,4,4
caring,male,body,525583,female,men,37.3,5,3,2,4,6,5,6,3,5,5,3,4,6,5,3,2,5,4,3,4,2,5,3,3,4,2,3,3,4,3,6,3,4,4,3,3,3,2,5,5,3,2,3,3,3,4,2,3,5,3
caring,male,body,525846,female,men,31.8,5,4,5,4,4,2,3,3,4,3,4,4,4,5,1,2,5,3,2,5,4,4,4,3,5,3,4,4,3,3,4,4,2,3,4,2,4,3,3,3,4,3,3,4,3,4,2,4,4,3
confident,male,body,528099,male,men,23.0,5,5,2,5,4,5,6,1,3,3,4,3,6,2,5,2,4,3,5,2,3,3,3,4,2,5,4,1,5,5,5,2,5,5,2,4,5,2,5,3,2,2,2,5,3,5,5,4,5,5
confident,male,body,528989,male,women,23.0,5,5,3,7,5,5,6,3,6,6,5,5,6,4,3,3,6,6,5,4,3,6,6,3,5,3,4,5,4,5,7,4,4,5,5,1,4,3,5,5,4,4,3,6,5,6,6,6,6,3
confident,male,body,196014,male,women,25.7,6,4,3,5,4,6,6,1,4,2,3,4,5,4,4,3,5,4,5,4,4,4,4,4,3,4,4,4,4,4,5,4,4,4,4,3,4,4,5,4,4,3,4,4,4,6,4,4,5,3
confident,male,body,518065,male,women,21.6,5,3,4,5,4,6,6,3,5,4,4,4,4,4,2,3,6,4,3,4,2,4,3,3,3,3,4,4,3,3,4,4,3,3,3,2,3,3,5,5,3,4,4,3,4,3,3,4,5,2
confident,male,body,521603,male,either,20.0,6,3,2,3,3,3,2,2,3,3,6,5,5,2,5,2,6,2,3,2,5,3,3,3,3,3,3,4,4,3,3,4,6,4,3,4,4,2,2,2,3,4,2,6,2,5,6,4,3,3
confident,male,body,527607,male,women,23.2,5,3,3,7,3,6,7,2,6,4,5,5,6,4,4,3,6,3,5,4,3,3,4,3,2,3,3,5,5,6,6,3,6,5,4,2,4,3,4,4,4,2,3,5,5,7,5,4,6,2
confident,male,body,524947,male,women,54.8,4,3,2,5,4,5,6,2,3,3,5,4,5,4,2,4,5,3,5,5,3,5,4,3,3,2,3,4,5,3,7,3,3,5,4,2,3,4,6,3,3,6,3,4,3,6,4,4,5,3
confident,male,body,520655,male,women,42.9,5,3,2,3,2,2,5,2,4,3,4,3,3,3,2,4,5,4,2,3,2,3,3,3,2,2,4,4,3,3,6,5,3,3,3,2,3,3,4,5,3,2,3,3,3,5,3,2,4,2
confident,male,body,523422,male,women,32.8,6,4,4,5,4,6,6,3,5,4,5,5,5,4,4,4,5,5,5,4,3,4,4,4,5,4,4,4,4,4,6,4,5,4,4,3,3,4,5,5,4,3,5,5,5,5,4,5,4,4
confident,male,body,522653,male,women,18.3,6,4,2,5,5,6,7,1,1,3,5,6,6,5,3,1,5,3,2,5,1,3,3,3,3,3,3,3,3,3,5,2,5,3,3,2,4,1,5,3,3,1,3,5,2,5,4,3,4,4
confident,male,body,525819,female,men,33.2,6,2,2,5,4,7,7,3,5,1,2,2,6,3,1,5,4,5,4,6,1,5,4,1,1,2,2,3,3,3,7,1,4,2,3,2,3,3,2,4,3,3,5,3,5,5,3,3,5,6
confident,male,body,518987,female,men,18.1,5,3,4,6,3,6,5,2,5,2,2,5,5,4,2,3,5,2,5,2,3,3,3,2,3,2,3,5,5,3,4,2,5,3,6,3,4,1,5,3,2,3,2,3,2,6,3,3,4,2
confident,male,body,520258,female,men,29.1,7,5,5,7,7,7,5,5,7,5,6,5,7,7,4,3,7,6,7,7,5,7,5,5,5,5,4,4,7,7,7,5,4,7,6,4,5,4,7,5,6,5,5,6,7,7,6,6,7,6
confident,male,body,524306,female,men,21.9,7,5,4,6,5,7,7,4,5,5,6,6,7,5,5,4,7,5,6,6,4,6,5,5,5,5,5,3,7,6,6,5,6,5,6,5,6,5,7,6,5,3,6,6,5,7,7,7,6,6
confident,male,body,519465,female,men,20.8,6,3,2,5,3,7,7,1,3,1,4,6,7,4,1,1,5,1,6,7,1,3,2,1,1,1,1,3,5,5,4,3,4,4,2,1,5,1,6,3,1,1,1,5,4,7,5,3,3,3
confident,male,body,524830,female,either,19.3,6,2,1,2,3,6,4,1,2,2,2,2,2,3,3,1,3,1,5,2,4,3,3,2,1,4,2,3,3,1,2,3,5,5,2,2,2,2,2,3,2,2,2,2,2,6,4,4,1,4
confident,male,body,526292,female,either,25.7,5,4,2,5,5,6,6,2,3,4,4,4,5,5,4,4,4,4,4,4,3,5,4,4,3,4,4,2,5,3,6,4,5,5,3,4,4,3,4,4,4,3,4,5,3,5,4,4,4,4
confident,male,body,525449,female,women,44.4,7,4,1,5,4,6,7,4,7,2,3,6,6,3,1,1,7,6,6,7,2,5,6,2,1,1,2,2,2,5,7,1,7,4,2,2,5,3,6,6,2,1,6,5,3,4,3,4,5,2
confident,male,body,520664,female,either,32.3,4,3,2,4,3,4,5,2,4,2,3,3,3,5,4,2,5,4,4,3,2,3,3,2,2,3,2,2,4,3,5,2,4,5,2,3,4,3,4,4,2,2,4,4,3,6,3,2,2,4
confident,male,body,518626,female,men,25.5,7,5,3,7,4,7,7,2,3,4,4,5,6,6,2,4,6,4,5,4,2,6,3,3,2,3,6,5,4,4,7,2,5,4,5,3,6,2,7,4,3,3,5,7,5,7,5,5,6,4
dominant,male,body,522599,male,men,30.2,4,3,2,2,3,4,5,2,6,4,3,4,4,4,2,3,4,3,4,5,1,3,1,2,4,1,3,4,1,2,5,1,1,2,3,1,2,1,3,5,2,3,1,1,5,5,3,4,5,1
dominant,male,body,529748,male,women,34.9,4,1,2,3,1,4,5,3,4,1,3,3,4,1,1,1,2,1,1,1,1,4,1,1,2,1,1,1,3,1,3,1,3,3,3,1,1,1,4,1,1,1,1,3,1,3,3,3,1,2
dominant,male,body,528866,male,men,56.6,5,4,1,2,5,1,7,1,5,4,5,4,5,2,2,3,7,2,6,5,1,2,1,1,1,1,2,1,1,5,1,2,1,1,4,2,1,2,5,2,2,1,1,1,6,2,1,2,5,1
dominant,male,body,528070,male,women,22.3,5,3,4,5,4,5,5,3,6,2,3,5,3,4,2,5,4,5,5,5,1,4,3,2,5,3,3,5,5,4,4,3,4,4,5,1,2,4,5,5,4,2,5,3,5,4,4,3,5,3
dominant,male,body,518008,male,women,31.0,5,3,1,4,4,7,7,3,5,3,5,4,5,4,3,2,6,5,6,4,3,3,4,3,3,2,3,3,5,4,7,3,5,6,2,4,2,3,5,4,3,3,4,5,6,6,6,3,4,4
dominant,male,body,521136,male,,19.6,3,2,1,3,3,1,4,2,3,2,3,3,4,3,2,2,5,2,2,2,2,2,2,2,3,2,2,2,3,3,3,2,3,3,2,1,2,2,3,3,2,3,3,2,2,4,3,2,3,2
dominant,male,body,525847,male,women,29.2,4,4,2,4,4,5,6,5,7,3,3,3,5,5,5,2,4,5,5,5,2,5,4,1,4,1,2,4,3,5,1,4,4,4,4,3,2,3,5,3,5,3,2,3,4,4,3,4,7,4
dominant,male,body,524804,male,men,39.7,7,4,1,6,3,7,7,2,5,2,5,4,7,5,1,1,5,5,3,4,2,4,2,3,1,2,3,4,4,4,3,2,4,3,4,2,3,3,6,5,2,2,1,4,4,5,6,5,6,3
dominant,male,body,523383,male,men,36.3,5,4,3,5,6,4,5,3,6,4,4,5,5,3,2,4,6,4,4,5,2,5,5,5,5,3,3,3,4,3,5,3,5,3,3,2,3,4,4,5,3,3,3,5,5,6,4,3,5,3
dominant,male,body,520163,male,women,21.8,2,2,2,2,2,2,2,2,2,2,2,2,2,2,2,2,2,2,2,2,2,2,2,2,2,2,2,2,2,2,2,2,2,2,2,2,2,2,4,2,2,2,2,3,2,2,2,2,2,2
dominant,male,body,518516,female,men,18.4,3,2,1,2,1,1,1,1,1,1,1,3,1,3,1,1,3,5,2,1,1,1,5,1,1,1,1,1,4,1,1,1,4,2,2,1,5,1,1,5,1,1,2,3,3,3,5,1,1,1
dominant,male,body,526597,female,men,47.4,6,3,2,4,6,6,7,3,6,4,5,6,4,4,5,3,4,4,3,6,3,6,4,3,4,3,4,3,6,6,6,3,7,6,5,1,7,3,4,5,5,2,5,4,5,5,4,5,4,3
dominant,male,body,526531,female,men,24.7,5,5,2,6,5,6,7,4,6,4,4,3,5,6,4,4,7,6,1,5,2,4,3,2,3,4,6,4,5,6,6,5,6,4,6,2,3,4,3,5,1,2,1,4,5,5,4,6,5,2
dominant,male,body,526481,female,men,30.2,2,2,2,2,2,3,4,2,5,1,4,3,5,3,2,1,3,3,1,4,1,3,2,1,2,1,1,2,3,3,4,1,3,5,4,1,3,2,3,4,3,2,2,3,4,4,2,2,4,2
dominant,male,body,525803,female,,31.4,4,3,3,5,4,5,5,1,4,4,2,4,5,2,4,2,5,4,5,5,3,3,3,3,5,3,2,5,5,4,5,4,5,4,3,2,4,4,5,4,4,3,4,5,4,4,4,4,4,4
dominant,male,body,525429,female,men,22.2,5,2,3,5,3,5,6,5,6,3,3,4,6,3,1,4,6,5,4,4,2,3,2,1,3,3,2,4,4,2,5,2,4,4,5,1,3,3,5,5,3,3,4,5,5,5,4,6,5,4
dominant,male,body,524654,female,women,38.4,5,2,1,4,3,7,5,3,4,2,3,3,5,2,2,2,3,3,6,5,2,5,2,2,2,1,1,2,3,3,6,2,4,3,3,2,2,2,4,4,2,1,3,4,3,5,2,4,3,4
dominant,male,body,520625,female,men,31.0,3,3,4,3,4,5,5,6,6,2,2,5,3,3,3,4,5,5,4,6,2,2,3,2,4,2,2,4,5,2,4,3,4,6,3,2,3,3,4,4,2,5,4,2,6,4,2,3,3,2
dominant,male,body,520097,female,men,31.4,6,1,2,5,1,5,4,2,6,4,1,5,5,4,1,1,4,1,4,6,1,5,1,1,1,1,4,2,5,5,5,1,5,1,4,1,1,1,5,1,5,1,1,5,1,5,1,5,1,1
dominant,male,body,519360,female,men,30.0,4,3,2,4,4,3,6,3,6,2,3,5,5,4,1,3,5,5,5,5,1,4,4,3,3,2,3,4,4,4,5,4,3,2,5,1,3,4,6,6,2,3,3,3,5,4,5,3,5,1
dominant,male,body,518936,female,men,20.6,6,1,1,6,3,5,7,1,4,2,3,5,6,3,2,3,5,3,4,2,2,6,1,2,2,1,2,2,5,1,3,4,6,3,2,2,5,1,7,3,2,1,5,2,2,5,6,5,6,5
dominant,male,body,461115,female,,20.3,6,1,3,5,3,4,6,5,7,1,4,3,4,6,2,7,6,4,5,6,1,4,2,1,2,2,1,4,5,6,7,1,5,4,5,1,4,1,5,5,3,2,2,2,6,6,4,3,5,1
emotionally_stable,male,body,524210,male,women,29.3,4,3,5,4,4,3,6,3,6,3,3,3,5,3,1,1,5,5,4,2,2,4,2,1,4,2,3,4,3,4,5,3,5,3,4,2,4,2,4,5,5,3,3,3,2,5,4,3,3,2
emotionally_stable,male,body,523369,male,women,51.0,4,4,3,5,4,4,4,4,3,2,5,4,4,4,2,4,5,5,2,5,4,3,5,5,4,5,4,4,4,5,4,4,4,4,5,4,5,2,3,4,5,4,6,4,5,5,5,5,3,4
emotionally_stable,male,body,522044,male,women,22.6,4,4,4,4,4,4,4,4,4,4,4,4,4,4,4,4,4,4,4,4,4,4,4,4,4,4,4,4,4,4,4,4,4,4,4,4,4,4,4,4,4,4,4,4,4,4,4,4,4,4
emotionally_stable,male,body,521297,male,women,21.1,4,3,3,7,4,5,7,2,6,4,3,5,5,4,4,3,7,3,5,5,4,5,3,4,2,4,3,4,4,3,7,3,5,5,3,3,5,2,5,5,6,3,3,4,4,4,5,5,5,3
emotionally_stable,male,body,527986,male,men,18.8,6,5,2,5,4,6,7,2,4,5,5,4,6,6,3,3,6,4,5,5,3,4,3,4,2,3,3,5,5,4,6,4,5,6,3,3,4,4,7,5,3,3,3,5,4,6,5,5,4,6
emotionally_stable,male,body,519726,male,women,22.5,4,4,4,4,4,3,3,4,3,3,4,3,5,3,4,4,4,4,4,4,3,4,4,4,4,4,3,4,4,3,4,4,4,4,3,4,4,4,4,4,4,5,3,4,4,5,4,4,3,4
emotionally_stable,male,body,528707,male,,29.3,2,2,1,3,2,4,4,1,5,2,3,3,3,3,1,2,5,3,6,5,3,2,4,2,2,1,2,4,3,4,2,3,2,2,2,2,3,3,1,4,3,1,2,1,4,2,4,1,4,3
emotionally_stable,male,body,529705,male,men,22.5,4,4,4,4,4,4,4,3,4,4,4,4,4,4,4,4,4,4,4,4,4,4,4,4,4,3,4,4,4,4,5,4,4,4,4,4,4,4,4,4,4,3,4,4,4,4,4,4,4,4
emotionally_stable,male,body,168587,male,women,50.2,5,4,2,6,6,4,6,2,3,3,6,3,4,4,4,3,3,3,4,2,6,6,2,3,3,4,5,4,4,5,4,3,5,5,6,3,3,3,5,6,4,1,6,4,5,5,4,4,5,2
emotionally_stable,male,body,517994,male,women,51.8,4,5,3,4,4,4,6,3,5,2,4,4,5,4,2,4,4,3,3,3,1,5,3,3,2,3,2,3,5,4,6,3,4,2,3,2,3,2,3,4,3,2,3,4,4,5,4,3,4,4
emotionally_stable,male,body,526147,female,men,31.8,5,3,3,5,6,6,6,3,5,5,5,4,5,2,4,2,4,4,5,5,3,4,4,3,3,5,4,4,4,4,6,4,3,3,3,2,5,4,4,5,4,3,3,4,3,5,6,4,5,5
emotionally_stable,male,body,525871,female,men,21.8,6,4,3,4,4,4,6,4,3,4,5,5,5,4,4,3,6,4,5,5,3,4,4,2,1,3,2,4,4,3,4,2,4,5,4,2,4,3,4,5,3,4,5,2,6,3,5,5,3,4
emotionally_stable,male,body,525605,female,men,19.4,6,3,3,5,3,5,5,1,5,4,4,5,6,4,2,2,5,5,5,3,2,5,4,2,5,2,3,4,5,5,4,3,3,4,5,2,4,3,6,4,3,3,4,5,4,6,5,2,4,4
emotionally_stable,male,body,525047,female,men,39.4,5,4,6,5,4,4,5,3,5,5,5,6,4,4,3,4,4,5,5,4,3,6,4,3,3,4,4,3,3,4,6,5,4,3,4,2,3,3,5,4,4,3,5,6,5,4,4,4,4,4
emotionally_stable,male,body,518212,female,men,24.8,1,1,4,3,4,5,4,6,1,1,1,3,1,2,1,1,2,5,4,3,1,4,4,1,5,2,1,6,2,1,4,1,1,5,5,1,3,3,4,4,3,5,1,1,1,1,4,1,3,1
emotionally_stable,male,body,518915,female,men,19.5,5,5,3,4,5,6,6,3,4,3,4,4,5,3,5,4,3,4,5,2,3,6,5,5,3,5,4,3,6,5,6,3,6,5,3,4,5,4,4,3,4,3,4,6,3,5,4,4,3,6
emotionally_stable,male,body,519196,female,either,26.6,4,5,5,3,5,4,2,6,4,5,3,4,3,3,7,6,6,2,2,4,6,6,6,5,5,4,6,4,3,5,3,5,4,5,6,6,2,3,3,7,6,6,5,6,6,3,2,5,5,6
emotionally_stable,male,body,520026,female,either,25.2,4,4,3,4,3,6,6,2,4,3,4,4,4,5,2,3,4,4,4,4,2,4,3,4,4,2,3,4,4,4,6,4,4,4,4,2,4,4,4,4,4,3,4,4,4,4,3,3,4,4
emotionally_stable,male,body,520540,female,either,19.5,5,3,3,3,2,3,3,3,3,3,3,2,3,5,3,3,5,1,3,1,3,4,3,3,4,5,3,3,3,1,3,3,3,3,3,3,3,3,4,2,2,2,2,3,3,4,3,3,3,3
emotionally_stable,male,body,520810,female,men,23.3,4,4,4,4,4,4,4,4,4,4,4,4,4,4,5,4,4,4,6,5,4,4,5,4,4,4,4,4,4,4,4,4,4,4,3,4,5,4,4,4,4,3,4,4,4,4,4,4,4,4
happy,male,body,518633,male,women,23.5,7,6,4,7,5,4,7,3,6,5,6,6,5,4,3,4,5,5,4,6,3,5,4,3,3,4,4,5,5,4,3,5,5,4,3,3,4,5,3,5,5,4,5,4,5,6,6,5,6,6
happy,male,body,520001,male,women,38.0,5,6,5,4,4,4,5,4,4,4,5,5,4,4,5,5,5,5,5,3,5,4,4,5,4,5,4,4,5,5,4,4,4,4,4,4,4,4,4,6,4,4,4,4,4,4,5,4,5,4
happy,male,body,521331,male,women,31.7,4,4,4,4,4,4,4,4,4,4,4,4,4,4,4,4,4,4,4,4,4,4,4,4,4,4,4,4,4,4,4,4,4,4,4,4,4,4,4,4,4,4,4,4,4,4,4,4,4,4
happy,male,body,522091,male,women,19.0,5,2,2,2,3,5,6,2,5,2,3,3,4,3,1,3,4,3,4,4,2,3,3,3,2,2,2,2,3,3,5,1,2,3,3,2,4,3,4,3,2,2,3,3,5,4,3,3,4,1
happy,male,body,523383,male,men,36.3,6,4,4,5,4,6,5,5,5,6,5,5,5,4,4,5,5,6,6,5,5,5,5,7,5,4,4,6,5,5,4,5,6,5,5,5,5,4,6,5,5,5,6,6,4,6,6,5,6,6
happy,male,body,525740,male,women,32.8,6,6,4,5,3,5,5,4,5,5,5,4,5,4,4,3,6,5,5,5,3,2,3,4,3,4,4,4,5,5,4,2,5,5,4,3,4,4,5,5,5,3,4,4,5,6,5,6,6,3
happy,male,body,528049,male,women,41.3,7,2,7,7,5,7,7,7,4,2,7,7,7,7,7,3,3,3,4,7,2,2,7,7,3,6,7,7,2,5,7,7,7,7,1,2,7,4,7,7,3,2,2,7,2,7,7,7,7,4
happy,male,body,528761,male,women,18.6,5,4,2,4,5,5,7,1,4,4,2,6,6,4,2,1,5,4,4,4,2,6,2,3,2,1,4,3,4,4,6,2,5,5,2,1,2,2,4,3,2,2,4,5,4,5,6,4,4,2
happy,male,body,529702,male,women,28.5,5,4,3,4,3,4,5,3,6,4,4,5,5,4,3,3,4,4,5,5,3,3,3,3,3,4,3,3,3,4,5,4,5,3,3,4,3,3,4,5,5,3,3,5,4,5,3,4,4,3
happy,male,body,483119,male,women,34.6,6,4,5,4,5,7,6,2,7,6,6,6,3,4,3,3,7,7,3,5,5,3,6,6,1,2,4,2,7,6,2,3,6,2,3,2,4,4,6,3,6,3,1,7,5,7,6,6,6,6
happy,male,body,526153,female,either,18.2,3,1,1,3,3,5,3,1,2,1,1,4,3,1,1,1,3,1,1,1,1,5,1,1,1,1,1,1,1,2,1,1,3,1,2,1,1,1,4,2,3,1,1,1,3,5,2,1,1,1
happy,male,body,516859,female,men,39.8,6,4,3,6,5,5,5,5,3,6,6,5,4,2,6,2,4,6,6,4,6,5,4,4,5,5,5,6,5,5,2,4,5,3,5,2,5,5,5,5,4,4,6,3,2,6,4,4,4,4
happy,male,body,518935,female,men,37.4,6,5,5,5,5,6,6,4,6,4,5,5,5,5,5,5,6,5,5,5,5,5,5,5,4,5,5,5,5,5,6,5,5,5,5,4,5,5,5,5,5,4,5,5,5,5,5,5,5,4
happy,male,body,519352,female,men,21.8,6,3,4,5,4,4,4,5,7,2,5,5,5,4,3,4,5,5,3,5,3,6,5,5,4,3,4,4,4,6,3,3,6,3,3,2,3,4,4,6,4,5,3,3,5,4,5,5,5,4
happy,male,body,520033,female,men,21.7,4,2,2,2,4,3,3,2,2,2,4,3,3,3,4,2,5,2,2,2,2,3,5,3,2,3,3,3,4,3,2,2,3,3,2,3,3,2,3,4,2,2,2,4,2,3,4,3,2,2
happy,male,body,520619,female,either,33.3,5,5,4,5,5,6,7,3,5,5,5,4,5,5,5,4,5,5,5,5,4,4,5,4,4,5,5,4,5,4,6,4,6,5,5,4,5,4,6,5,4,4,6,5,4,5,6,5,5,6
happy,male,body,524128,female,men,22.4,3,4,2,4,4,5,4,3,4,6,6,5,6,2,4,4,6,4,4,1,2,4,6,4,3,2,4,4,6,6,4,5,4,4,4,6,4,5,4,6,5,3,5,5,4,4,4,4,7,4
happy,male,body,525801,female,either,23.5,4,4,3,5,5,3,3,3,4,4,4,4,3,5,4,3,4,3,4,5,4,3,5,3,3,3,4,3,5,4,4,3,4,5,4,3,5,4,3,4,3,5,4,3,4,6,4,5,3,5
happy,male,body,525329,female,men,38.4,4,3,3,5,2,6,7,1,7,2,2,5,6,5,1,1,3,4,5,6,1,4,7,4,2,2,3,5,6,4,3,2,2,5,5,1,3,1,4,6,3,2,4,6,4,5,3,1,6,3
happy,male,body,524591,female,men,19.1,7,4,2,5,4,5,5,3,5,4,4,4,4,4,4,3,5,4,4,4,1,4,4,3,1,1,3,3,4,3,6,1,3,6,2,2,4,2,2,4,4,2,2,4,4,6,5,3,3,2
intelligent,male,body,523586,male,men,43.9,3,2,4,6,3,5,3,5,5,4,4,4,2,6,2,3,2,5,3,2,3,6,5,4,3,5,4,5,4,5,5,2,2,2,4,4,2,3,5,4,4,5,5,3,4,4,4,3,4,5
intelligent,male,body,526097,male,neither,21.2,6,5,3,4,4,4,5,2,4,2,7,5,3,4,5,4,7,4,3,3,5,4,4,6,3,3,5,4,5,6,4,3,4,3,6,3,5,4,5,6,5,3,2,4,3,5,6,4,4,3
intelligent,male,body,523583,male,women,39.1,4,4,4,4,4,4,4,4,4,4,4,4,4,4,4,4,4,4,4,4,4,4,4,4,4,4,4,4,4,4,4,4,4,4,4,4,4,4,4,4,4,4,4,4,4,4,4,4,4,4
intelligent,male,body,522849,male,women,22.6,4,4,4,4,2,5,6,3,4,4,5,5,6,3,3,2,4,4,4,3,2,4,3,3,3,3,3,4,4,4,5,3,4,4,3,2,4,3,5,4,3,2,3,3,4,4,5,4,4,2
intelligent,male,body,521812,male,women,38.0,3,4,4,3,4,3,4,5,5,4,3,4,4,4,3,4,5,4,5,4,4,4,3,4,4,4,4,5,4,4,4,4,4,4,4,4,4,4,4,4,4,4,4,3,4,4,4,4,4,3
intelligent,male,body,520868,male,women,34.0,5,4,5,5,5,5,5,5,5,5,5,5,4,5,5,5,5,5,4,5,5,5,4,5,5,5,5,5,4,5,5,5,5,5,5,4,5,5,5,5,5,5,5,5,5,5,4,5,5,5
intelligent,male,body,528231,male,women,42.0,5,1,1,4,4,3,5,1,3,3,1,3,4,4,4,1,5,1,2,1,2,3,1,4,2,3,3,1,2,1,5,2,5,5,1,1,2,2,3,4,2,1,2,3,1,5,3,4,1,1
intelligent,male,body,529268,male,women,20.0,4,4,4,3,5,5,6,2,4,3,6,5,5,4,3,2,5,4,5,5,4,4,3,3,2,2,4,3,4,4,5,3,4,5,3,2,5,3,5,4,4,4,4,5,3,6,5,2,4,4
intelligent,male,body,529520,male,women,20.6,3,3,2,3,3,3,4,4,6,3,3,4,5,3,2,2,5,5,5,2,3,3,3,2,5,2,3,3,3,2,6,2,3,3,2,2,3,3,5,5,3,3,2,3,2,3,3,4,2,4
intelligent,male,body,505845,male,women,26.5,3,4,2,4,4,3,2,1,2,2,4,3,2,2,6,2,3,2,3,2,7,2,5,3,2,4,4,2,4,5,2,2,4,3,2,5,3,2,3,2,3,1,6,4,2,5,4,4,2,4
intelligent,male,body,527808,female,either,25.6,4,3,3,4,4,4,5,4,3,3,4,4,5,5,4,3,4,3,4,3,3,4,3,4,3,3,3,3,4,4,4,4,4,4,4,4,4,3,5,4,3,3,4,4,4,4,5,4,4,5
intelligent,male,body,491946,female,,21.6,7,4,2,6,2,5,6,2,4,3,5,4,6,4,5,2,6,3,3,2,5,4,4,3,3,4,4,3,6,4,4,3,6,5,3,3,3,3,4,4,4,3,3,5,4,7,5,5,3,5
intelligent,male,body,527796,female,either,23.4,5,4,3,4,5,4,4,4,4,3,3,4,4,4,3,4,5,4,3,3,4,4,4,3,4,4,4,4,4,4,6,4,4,4,4,4,4,3,4,4,4,2,5,3,4,3,4,4,3,3
intelligent,male,body,527760,female,either,19.3,3,4,2,2,4,3,2,4,2,4,2,3,2,3,3,2,2,2,3,2,4,3,3,2,3,2,3,2,3,3,3,3,4,2,2,3,2,2,2,2,2,3,4,4,3,3,4,3,2,2
intelligent,male,body,527590,female,men,21.1,6,6,5,5,3,6,6,6,4,3,5,6,5,6,4,3,5,5,5,5,1,4,5,2,2,2,3,3,3,4,5,3,6,3,5,2,2,3,6,4,5,5,3,4,3,6,3,4,6,2
intelligent,male,body,527500,female,men,18.4,4,4,4,4,4,4,4,4,4,4,4,4,4,4,4,4,4,4,4,4,4,4,4,4,4,4,4,4,4,4,4,4,5,4,4,4,4,4,4,4,4,4,4,4,4,4,4,4,4,4
intelligent,male,body,527460,female,men,24.8,2,5,3,5,5,4,2,2,5,6,2,3,6,5,3,4,4,4,5,3,2,4,3,2,3,3,3,3,4,5,6,3,3,2,4,2,2,3,5,5,4,3,5,6,3,4,5,6,5,5
intelligent,male,body,520689,female,men,33.9,4,4,3,4,4,4,3,3,3,4,4,4,4,4,3,3,4,3,4,4,4,4,4,4,3,4,4,3,4,4,4,4,4,4,3,3,4,3,4,4,4,3,4,4,4,4,4,4,2,4
intelligent,male,body,520310,female,men,20.6,5,3,4,4,4,4,4,3,4,4,5,4,5,4,4,3,4,4,3,3,4,5,4,3,3,4,4,3,4,4,5,4,5,4,3,3,4,4,4,5,4,4,4,5,3,5,5,4,5,4
intelligent,male,body,519685,female,men,20.9,5,4,3,5,5,3,3,3,4,4,4,5,4,4,5,5,5,4,5,4,4,4,5,4,3,3,5,4,5,4,4,4,4,4,5,3,4,5,5,3,5,4,4,4,5,4,4,5,5,4
intelligent,male,body,519038,female,men,19.7,4,4,4,4,4,4,4,4,4,4,4,4,4,4,4,4,4,4,4,4,4,4,4,4,4,4,4,4,5,4,4,4,4,4,4,4,4,4,4,4,4,4,4,4,4,4,4,4,4,4
intelligent,male,body,518629,female,men,63.2,4,4,4,4,4,5,4,4,4,4,4,4,4,4,5,4,4,4,4,4,4,4,4,4,4,4,4,4,5,4,4,4,4,4,4,4,4,4,4,4,4,4,4,3,4,6,4,4,4,5
intelligent,male,body,527792,female,women,29.0,5,1,1,5,3,5,6,1,1,2,2,4,4,2,1,1,5,1,2,1,1,2,3,1,1,1,2,3,2,1,5,1,3,4,2,1,2,2,4,2,1,1,1,3,1,3,3,2,3,1
mean,male,body,521876,male,either,37.6,4,2,6,5,4,2,3,6,4,4,4,4,4,4,2,3,6,5,3,5,3,4,4,2,6,1,3,6,3,2,4,3,3,5,3,2,3,5,6,4,4,6,3,3,4,3,2,5,5,2
mean,male,body,517903,male,women,42.7,4,3,1,5,5,6,7,1,4,3,3,5,3,4,3,3,6,3,4,4,2,5,5,4,2,2,2,3,3,5,2,3,5,5,3,2,5,3,3,4,3,3,2,3,5,3,6,3,5,3
mean,male,body,521005,male,men,27.2,3,2,4,4,3,2,1,6,6,3,2,2,1,2,1,4,2,4,1,1,1,4,1,1,5,4,4,5,2,3,5,4,1,4,5,3,4,4,3,3,5,5,1,1,4,2,1,1,2,3
mean,male,body,523676,male,women,27.0,5,3,3,3,1,6,7,1,4,2,4,4,5,4,2,2,5,4,3,5,1,3,3,2,1,1,1,1,4,3,6,1,3,2,2,2,2,1,4,3,1,1,2,3,4,3,3,2,4,2
mean,male,body,528362,male,neither,49.1,2,4,3,6,6,6,3,2,6,4,6,3,5,3,5,5,5,3,2,2,2,5,3,5,7,1,5,6,2,3,6,3,3,4,5,1,4,2,5,3,7,4,6,5,4,5,4,5,3,5
mean,male,body,525372,male,women,23.0,6,4,4,4,4,7,6,2,5,3,7,3,5,2,1,3,5,4,4,4,2,6,5,3,2,2,2,4,4,3,6,4,4,3,4,1,2,2,3,5,4,3,4,4,5,4,3,3,4,3
mean,male,body,529477,male,women,35.5,2,3,2,5,1,1,4,1,5,1,3,4,5,5,1,1,5,1,4,5,1,1,1,3,2,1,1,2,1,1,2,1,1,1,4,1,1,1,4,1,1,4,1,1,3,2,1,1,4,1
mean,male,body,510390,male,women,20.6,1,1,4,1,6,6,1,6,6,1,1,1,1,1,1,6,1,6,1,1,1,6,1,1,1,1,1,3,1,1,6,1,1,6,1,1,1,1,6,6,2,4,6,1,6,1,1,1,1,6
mean,male,body,527724,male,women,41.5,4,4,2,5,4,4,5,2,3,3,4,3,5,3,2,2,4,3,4,3,2,4,3,2,2,2,3,2,3,4,5,2,4,2,2,2,3,2,3,4,4,2,2,5,4,4,3,4,3,4
mean,male,body,523180,male,either,24.2,3,3,3,3,3,3,3,3,3,3,5,4,3,3,3,3,5,3,3,3,3,2,1,3,5,3,3,3,3,3,3,3,3,2,3,3,3,3,3,2,3,2,3,5,3,3,3,3,3,5
mean,male,body,525788,female,men,24.7,2,2,2,2,2,2,2,2,2,2,2,2,2,2,2,2,2,2,2,2,2,2,2,2,2,2,2,2,2,2,2,2,2,2,2,2,2,2,2,2,2,2,2,2,2,2,2,2,2,2
mean,male,body,524408,female,men,26.1,6,3,1,6,2,6,7,2,3,4,3,5,6,3,2,2,4,4,5,2,3,4,2,1,3,3,2,4,5,5,5,3,4,4,4,1,5,3,4,4,3,1,2,3,3,5,5,5,4,4
mean,male,body,525245,female,men,21.0,5,2,2,7,2,7,7,2,2,2,2,5,2,4,3,2,2,2,6,2,2,2,2,2,2,2,2,6,3,2,5,2,2,5,5,2,5,2,7,4,2,2,2,5,2,2,2,2,5,3
mean,male,body,526135,female,men,19.8,2,2,5,1,3,1,3,5,5,1,3,3,2,2,3,4,1,3,4,1,1,1,3,1,4,2,2,5,1,2,5,4,2,1,5,2,5,2,1,5,2,5,2,2,1,3,1,4,1,2
mean,male,body,520733,female,men,23.1,4,1,1,5,5,6,6,1,3,2,2,1,1,1,1,1,5,1,4,2,1,3,3,2,2,1,1,1,1,1,6,1,1,5,2,1,1,2,3,5,2,1,4,3,5,1,1,3,1,1
mean,male,body,518450,female,either,18.8,2,4,4,4,5,3,4,4,4,4,4,2,3,3,4,5,2,2,5,2,3,4,3,3,3,4,3,4,4,2,3,4,2,3,2,4,4,6,3,3,3,5,3,4,3,3,4,3,3,4
mean,male,body,518714,female,neither,19.2,3,2,1,2,2,4,6,1,1,2,6,3,7,2,2,1,4,1,6,1,1,1,1,1,1,1,2,2,2,4,3,2,3,2,1,1,2,1,3,1,1,1,1,3,3,2,2,3,1,1
mean,male,body,519237,female,either,19.5,5,3,3,4,5,6,6,2,2,2,5,4,4,4,2,2,4,3,2,3,3,4,4,3,3,4,3,3,4,5,3,3,5,6,3,2,4,2,4,4,3,2,3,4,2,5,4,3,4,4
mean,male,body,519864,female,men,18.9,6,4,2,6,4,6,7,2,4,4,5,5,6,3,4,3,5,3,5,4,4,4,4,3,2,4,4,3,7,5,6,3,5,5,4,3,4,3,6,4,3,2,3,5,3,7,5,4,4,6
mean,male,body,520472,female,men,21.9,3,2,3,3,2,6,6,1,4,3,1,4,2,2,2,2,4,2,4,3,3,5,4,2,3,1,1,4,2,2,3,3,4,5,1,1,3,3,5,4,1,1,2,2,2,4,4,3,3,3
responsible,male,body,519144,male,men,26.6,6,3,4,5,4,6,7,3,6,5,5,5,6,4,2,2,6,5,6,5,2,5,2,2,5,2,2,5,2,5,7,2,5,2,5,2,3,4,5,3,2,2,4,2,4,3,4,5,6,2
responsible,male,body,510849,male,either,33.5,6,2,1,5,3,5,6,1,1,1,1,5,7,2,2,1,6,2,3,2,2,4,3,1,1,1,1,4,3,5,6,2,6,3,1,1,3,1,6,3,2,1,2,5,2,7,5,5,1,7
responsible,male,body,529463,male,women,18.2,4,4,4,5,5,4,6,3,3,4,3,5,3,5,5,5,5,4,3,5,5,3,4,4,4,4,5,4,5,4,5,3,5,3,4,4,4,4,5,4,4,4,5,3,4,5,3,3,3,5
responsible,male,body,520983,male,women,37.9,4,4,5,5,3,3,5,5,6,5,5,4,4,5,2,2,5,5,3,2,2,4,4,2,3,3,3,4,5,4,3,4,4,3,5,3,4,3,4,5,4,5,3,4,5,4,4,5,4,2
responsible,male,body,523173,male,men,27.0,3,5,2,3,2,6,6,1,4,3,1,2,3,4,2,1,5,3,3,3,4,3,4,2,2,2,4,1,1,3,4,3,3,3,2,2,3,2,4,3,5,2,3,5,3,3,4,3,4,2
responsible,male,body,523617,male,women,43.2,6,7,2,3,6,5,6,2,5,3,5,4,3,3,7,4,6,6,2,3,6,4,7,2,1,3,6,1,7,6,5,4,6,6,4,7,7,1,3,3,2,2,5,3,3,6,7,2,4,6
responsible,male,body,528346,male,women,19.5,4,4,4,4,4,5,5,4,4,4,4,4,5,3,2,2,6,4,3,3,4,3,4,3,4,4,4,5,4,5,5,4,4,5,4,4,4,4,4,5,4,5,3,4,4,5,4,3,4,4
responsible,male,body,524984,male,women,53.5,4,2,3,6,6,4,6,1,6,2,4,3,7,4,4,2,3,3,4,2,3,7,4,4,1,3,3,5,5,7,7,2,6,4,1,3,3,2,6,4,4,1,5,6,6,6,2,6,3,4
responsible,male,body,518823,male,men,19.5,7,5,1,5,5,6,5,3,4,4,4,5,6,5,7,4,5,3,5,3,6,5,5,6,3,5,4,5,6,5,3,4,7,6,2,7,4,4,5,3,3,2,4,5,2,6,6,6,4,6
responsible,male,body,527632,male,either,21.7,5,4,4,5,3,4,5,4,5,4,4,4,5,5,5,4,5,4,5,5,3,4,4,4,4,4,4,4,4,3,5,3,5,4,4,3,4,4,5,4,4,4,3,5,4,5,4,4,5,4
responsible,male,body,524401,female,men,18.7,4,1,1,1,1,1,1,1,2,1,2,1,1,1,1,1,1,1,1,1,3,1,1,1,1,2,3,1,1,3,1,1,2,4,1,1,1,1,1,1,1,1,1,1,1,1,1,1,2,1
responsible,male,body,517719,female,men,58.4,5,3,2,4,6,4,5,4,6,2,3,4,5,3,3,3,4,5,5,5,3,4,3,2,2,2,3,4,2,2,3,3,4,3,4,2,3,3,4,5,3,3,3,5,5,5,4,4,5,3
responsible,male,body,518665,female,men,20.5,5,3,3,5,4,5,6,2,3,3,4,4,6,4,4,3,6,3,5,3,4,4,4,3,2,4,3,3,5,5,6,3,5,3,5,4,3,3,5,4,3,2,4,5,4,5,4,4,4,4
responsible,male,body,519178,female,either,22.0,2,2,2,2,2,2,2,2,2,2,2,2,2,2,2,1,2,2,1,2,2,2,2,1,2,2,2,2,2,2,2,2,2,2,2,2,2,2,2,2,2,2,1,2,2,2,3,1,2,2
responsible,male,body,520728,female,women,18.3,4,4,4,4,4,4,4,4,4,4,4,4,4,4,4,4,4,4,4,4,4,4,4,4,4,4,4,4,4,4,4,4,4,4,4,4,4,4,4,4,4,4,4,4,4,4,4,4,4,4
responsible,male,body,519846,female,men,26.6,5,3,3,3,3,4,4,2,5,3,3,5,3,3,5,3,6,5,5,3,4,2,5,5,3,4,5,3,5,6,3,4,3,5,5,2,6,3,5,4,3,3,3,4,4,6,5,4,4,3
responsible,male,body,520342,female,women,18.3,4,5,5,4,6,3,5,5,3,3,4,5,5,5,5,4,6,5,4,5,4,6,4,4,6,4,4,5,4,5,3,4,4,5,4,5,5,4,5,5,6,3,5,3,5,3,5,5,4,5
responsible,male,body,525901,female,men,20.8,3,6,4,3,5,5,4,4,3,5,5,4,3,2,6,3,5,4,3,3,5,2,4,5,3,2,5,4,5,5,2,4,3,3,5,3,3,5,5,4,4,3,4,6,5,6,6,5,4,5
responsible,male,body,525781,female,men,24.1,3,1,1,3,3,4,3,1,4,1,1,1,3,2,1,1,2,1,3,2,1,3,1,1,1,1,4,3,2,1,2,1,3,1,1,1,2,1,4,2,3,2,1,2,1,4,1,1,3,2
responsible,male,body,525236,female,men,20.0,6,4,3,3,6,6,4,4,3,3,3,3,5,4,4,3,5,3,3,3,4,3,5,3,3,4,4,4,3,3,5,3,4,6,3,3,4,3,3,4,3,3,5,4,4,5,5,4,3,4
sociable,male,body,529398,male,women,25.0,5,4,3,4,6,6,6,3,6,4,4,5,5,5,4,2,6,5,4,6,5,4,3,2,4,4,2,4,4,3,6,3,5,3,3,3,4,4,5,5,3,2,4,4,3,6,4,5,4,3
sociable,male,body,522978,male,women,37.6,4,5,4,5,3,4,5,3,3,4,5,4,4,4,3,4,5,4,4,3,3,5,5,4,4,3,3,4,5,4,4,3,4,5,3,5,4,4,3,4,3,4,5,5,3,3,4,3,5,5
sociable,male,body,524948,male,women,27.0,5,3,1,3,2,6,7,1,2,2,3,4,6,3,2,5,3,3,5,3,2,3,1,3,2,3,4,2,4,3,7,2,6,3,2,1,5,3,3,6,1,2,2,5,4,5,4,4,4,4
sociable,male,body,519068,male,women,29.4,5,4,3,6,3,6,6,2,4,2,5,4,5,4,3,2,5,3,3,4,2,3,3,2,5,1,3,3,4,4,5,2,5,6,3,2,2,2,3,4,4,2,3,4,4,5,3,4,5,3
sociable,male,body,527630,male,women,41.1,5,5,1,3,4,5,4,1,4,3,3,3,4,3,3,2,2,4,3,3,2,3,2,3,2,3,3,3,4,5,3,3,4,3,3,2,4,3,4,5,2,2,4,3,4,5,4,4,4,2
sociable,male,body,511188,male,women,21.9,7,3,5,4,2,4,1,1,7,5,5,5,6,3,4,4,4,6,2,2,2,5,5,2,6,3,2,3,2,5,3,7,3,3,3,6,5,3,6,6,7,7,4,3,5,2,4,4,5,2
sociable,male,body,510849,male,either,33.5,5,3,1,5,3,5,6,1,2,1,4,2,6,2,1,2,5,2,2,3,3,3,2,2,1,1,1,3,2,3,4,1,5,3,1,1,2,2,5,2,2,1,2,6,2,7,4,3,3,6
sociable,male,body,524813,male,women,58.9,5,3,3,3,5,6,5,1,4,3,3,3,3,4,2,2,4,2,4,4,3,3,4,2,2,2,2,3,3,4,4,2,3,5,2,2,4,2,3,3,3,2,4,4,4,4,3,2,3,5
sociable,male,body,520895,male,women,32.5,4,4,4,4,4,4,4,4,4,4,4,4,4,4,4,4,4,4,4,4,4,4,3,4,4,4,4,4,4,4,4,4,4,4,4,4,4,4,4,4,5,4,4,4,4,4,4,4,4,4
sociable,male,body,528312,male,women,35.3,6,4,2,4,3,2,3,3,3,4,3,4,3,3,3,4,4,3,3,3,4,3,6,4,3,3,3,3,4,4,5,4,3,4,5,3,3,4,4,3,3,3,3,5,3,4,3,3,3,4
sociable,male,body,525886,female,men,21.3,4,1,1,6,1,7,6,1,1,1,1,4,1,1,1,1,5,1,1,1,1,1,1,1,3,1,1,3,1,1,5,1,1,1,1,1,1,1,4,1,1,1,2,1,1,1,1,1,5,1
sociable,male,body,525780,female,men,30.6,4,3,4,4,4,5,5,3,5,3,4,3,5,4,4,3,5,4,4,5,3,3,4,3,4,3,4,4,3,4,4,3,4,3,4,3,5,3,4,4,3,4,4,3,4,4,4,3,4,4
sociable,male,body,524337,female,either,19.5,3,1,1,2,1,1,4,1,1,2,1,2,2,1,1,1,1,1,2,1,1,3,1,1,2,1,1,2,1,1,2,1,1,1,1,1,2,1,1,1,1,1,1,1,1,1,1,1,1,1
sociable,male,body,505149,female,,22.8,6,5,1,2,6,4,2,1,3,2,4,3,2,3,1,1,1,2,2,3,2,1,5,2,1,1,2,1,1,4,3,2,1,5,4,1,1,3,2,3,2,2,2,3,1,5,5,3,2,1
sociable,male,body,520695,female,,30.7,4,2,1,3,2,4,7,1,3,4,2,2,6,3,3,1,5,2,3,3,1,3,2,1,1,2,2,3,4,3,5,2,4,4,2,1,2,2,5,2,3,1,2,4,2,4,2,3,4,2
sociable,male,body,520316,female,men,71.0,6,6,4,6,6,6,6,3,6,6,6,6,6,6,4,6,6,5,5,6,6,6,5,5,5,6,6,6,6,6,6,6,6,7,6,5,6,6,6,6,6,4,6,6,6,6,6,6,6,6
sociable,male,body,519769,female,men,23.9,7,7,7,7,7,7,7,7,7,7,7,7,7,7,7,7,7,7,7,7,7,7,7,7,7,7,7,7,7,7,7,7,7,7,7,7,7,7,7,7,7,7,7,7,7,7,7,7,7,7
sociable,male,body,519122,female,men,18.9,5,2,2,3,4,7,7,1,3,1,3,2,6,5,2,1,6,1,1,2,1,4,1,1,3,2,3,4,6,4,5,1,4,5,1,1,4,2,6,6,2,3,2,1,1,5,3,2,4,5
sociable,male,body,518661,female,men,20.5,6,2,2,5,5,4,4,1,6,4,4,2,4,5,5,2,7,2,4,2,5,3,3,3,3,2,2,2,4,6,5,3,4,3,2,2,4,2,3,7,4,2,3,2,5,5,2,3,3,3
sociable,male,body,518577,female,men,18.6,3,2,2,5,2,6,6,1,4,1,4,4,6,2,1,1,4,1,1,2,1,2,2,1,1,2,3,4,4,4,5,2,2,3,3,1,2,2,6,3,2,1,2,5,2,6,4,4,3,1
trustworthy,male,body,529540,male,women,18.1,4,4,4,4,4,4,4,4,4,4,3,4,4,4,4,3,4,4,4,4,4,4,4,4,3,3,4,4,3,4,3,4,4,4,4,3,3,4,4,4,4,4,4,3,4,4,4,4,4,3
trustworthy,male,body,523365,male,women,34.7,4,4,4,4,4,4,4,4,4,4,4,4,4,4,4,4,4,4,4,4,4,4,4,4,4,4,4,4,4,4,4,4,4,4,4,4,4,4,4,4,4,4,4,4,4,4,4,4,4,4
trustworthy,male,body,524838,male,men,31.4,5,5,4,5,5,5,5,4,6,3,3,4,6,5,5,3,6,4,3,6,3,3,4,3,2,5,4,4,4,4,2,2,4,4,4,3,4,2,4,4,4,3,4,5,5,4,6,3,4,5
trustworthy,male,body,525481,male,women,46.8,6,3,4,4,3,5,5,2,2,3,3,4,5,3,2,3,5,2,3,3,3,4,3,3,1,4,3,3,3,5,5,3,4,5,2,2,2,3,4,4,3,3,3,5,4,3,4,4,4,2
trustworthy,male,body,527986,male,men,18.8,5,3,3,5,2,6,6,2,5,1,5,5,5,6,3,2,3,4,4,5,4,4,3,3,2,3,3,3,4,3,7,3,4,4,3,4,3,3,5,3,4,3,5,5,4,7,3,3,5,4
trustworthy,male,body,528653,male,women,32.8,5,4,7,5,2,3,2,3,6,5,4,4,2,2,3,2,5,2,1,3,2,4,4,4,5,4,5,4,3,4,6,4,4,4,5,3,4,4,6,4,4,5,4,5,4,2,2,3,5,2
trustworthy,male,body,522013,male,women,44.1,5,4,3,4,5,5,5,4,4,4,4,4,5,5,4,5,4,5,4,4,4,4,5,4,4,4,4,4,5,4,5,4,4,5,3,4,4,4,4,5,4,4,4,4,5,5,4,4,4,4
trustworthy,male,body,521200,male,women,26.0,3,3,3,3,3,2,3,3,2,3,3,3,3,3,3,3,2,4,3,3,3,3,3,3,3,3,4,3,3,2,2,2,3,3,3,3,3,3,3,3,3,4,3,3,3,3,3,2,2,3
trustworthy,male,body,518407,male,women,18.7,4,5,4,4,4,5,1,6,4,5,3,5,5,4,3,3,5,4,3,4,3,4,3,4,3,3,4,5,4,3,1,3,3,2,6,4,3,3,4,3,2,2,2,3,4,3,4,2,5,2
trustworthy,male,body,519683,male,either,20.5,2,5,3,3,3,3,2,1,2,3,5,2,5,1,5,1,3,1,1,1,5,5,2,1,1,3,5,2,5,5,4,1,5,3,4,5,1,2,2,4,5,1,2,5,1,5,4,5,4,5
trustworthy,male,body,520756,female,men,38.2,4,4,4,4,4,3,3,5,3,4,3,4,4,4,4,5,3,4,4,4,4,4,4,4,5,3,4,5,4,4,3,5,3,4,5,4,5,5,3,4,5,4,4,3,4,4,4,3,4,4
trustworthy,male,body,517924,female,men,21.7,3,5,5,5,5,5,3,4,4,4,4,4,3,4,4,4,3,4,3,5,3,4,4,5,5,4,4,3,5,4,5,5,3,5,5,4,3,5,4,5,4,4,5,4,4,4,5,4,3,5
trustworthy,male,body,518875,female,men,18.2,3,3,1,3,1,2,3,1,3,1,3,3,3,2,2,2,3,1,3,1,3,2,1,1,2,2,2,3,1,2,4,3,2,1,3,1,2,1,4,2,3,1,2,2,1,2,2,2,2,2
trustworthy,male,body,519340,female,men,37.2,2,6,3,5,4,5,7,2,1,6,6,5,4,5,3,1,5,2,1,1,2,4,4,5,1,6,3,4,5,5,7,3,3,6,1,2,1,3,1,3,2,6,3,4,3,5,6,5,1,4
trustworthy,male,body,526134,female,men,22.6,5,5,4,4,2,3,5,6,5,3,4,4,5,4,3,2,4,4,4,5,2,5,4,2,3,3,3,6,4,4,5,4,5,5,4,4,3,3,3,5,4,5,6,4,5,5,3,5,6,5
trustworthy,male,body,525791,female,men,34.5,4,4,4,4,4,4,4,4,4,4,4,4,4,4,4,4,4,4,4,4,4,4,4,4,4,4,4,4,4,4,4,4,4,4,4,4,4,4,4,4,4,4,4,4,4,4,4,4,4,4
trustworthy,male,body,525246,female,either,18.3,5,3,2,2,4,4,3,2,4,4,4,4,3,3,4,3,3,3,3,4,4,4,3,3,3,3,3,3,4,3,4,3,5,4,3,4,3,3,2,5,3,2,3,4,3,5,4,3,4,3
trustworthy,male,body,519958,female,either,23.0,5,5,3,4,4,5,3,4,3,3,5,4,3,3,4,4,5,3,5,4,5,4,4,3,3,5,3,3,4,4,4,3,5,5,3,5,3,4,5,5,3,3,5,5,3,5,4,5,4,5
trustworthy,male,body,524436,female,men,26.1,1,7,1,4,1,1,1,1,5,7,1,7,2,1,1,1,1,1,6,1,1,7,1,7,1,1,7,7,2,1,7,1,1,7,1,1,6,3,5,7,1,1,7,7,1,4,7,1,1,1
trustworthy,male,body,520527,female,either,21.2,7,4,5,4,5,4,2,4,4,7,4,5,6,4,5,4,4,3,2,6,6,5,4,4,2,3,6,3,3,6,2,3,6,4,4,7,4,3,2,5,5,3,3,5,5,5,6,6,4,5
weird,male,body,523383,male,men,36.3,4,4,3,3,4,3,5,4,3,4,3,3,3,3,4,6,5,4,5,3,4,4,4,3,3,2,3,2,2,3,5,3,2,4,3,3,2,4,3,3,3,3,2,3,4,3,2,3,4,3
weird,male,body,524165,male,women,46.0,1,1,1,1,1,3,1,2,1,2,1,1,1,1,1,2,1,1,1,1,2,1,1,1,3,1,1,1,2,1,1,1,1,1,1,3,1,3,1,1,1,1,1,2,1,1,2,1,2,3
weird,male,body,525959,male,women,22.6,5,5,3,5,4,5,6,3,5,4,5,4,6,4,4,4,5,4,6,4,3,4,3,3,3,4,3,4,4,5,6,3,5,4,4,3,5,4,5,4,4,4,4,5,4,6,6,5,4,4
weird,male,body,528099,male,men,23.0,1,1,2,1,4,1,1,2,2,1,2,2,1,1,3,3,1,2,2,2,2,1,1,1,3,2,1,1,2,1,5,2,1,2,2,3,3,2,1,1,2,2,2,1,1,1,2,1,2,2
weird,male,body,528923,male,women,24.0,6,1,3,6,2,4,5,4,2,1,4,4,4,5,4,4,5,3,1,5,2,1,2,1,6,1,4,4,5,3,1,2,4,4,3,4,4,4,2,6,1,7,6,6,5,6,1,5,2,1
weird,male,body,519040,male,women,71.3,6,5,2,1,3,2,5,3,3,2,5,2,5,5,5,1,2,3,3,2,6,3,2,5,1,6,5,4,3,5,3,5,5,5,1,6,5,3,3,2,5,3,2,5,2,5,1,4,1,5
weird,male,body,522651,male,women,26.8,2,3,6,4,6,2,3,6,3,4,5,2,3,5,6,6,4,6,6,3,5,6,6,6,7,6,5,7,5,7,5,5,7,5,3,6,6,6,6,3,5,4,6,4,4,3,3,3,6,5
weird,male,body,520325,male,either,25.3,2,6,6,1,5,4,1,4,1,5,2,5,1,4,6,7,1,2,1,3,6,4,6,6,6,6,5,2,4,5,5,5,4,6,5,7,5,5,1,4,6,6,6,1,2,3,3,4,2,2
weird,male,body,242237,male,women,52.3,1,1,5,3,5,5,6,5,2,5,2,1,5,2,5,5,2,2,6,4,6,2,6,5,6,2,5,4,5,2,7,4,2,7,4,5,2,6,5,2,2,5,6,2,3,6,2,2,2,5
weird,male,body,529710,male,either,26.1,2,4,5,3,5,3,2,4,2,4,3,2,5,5,5,6,4,3,4,3,5,2,6,3,4,4,4,4,4,3,6,6,5,6,4,6,5,5,5,3,4,4,5,3,2,3,3,2,6,5
weird,male,body,520637,female,men,20.0,5,5,3,5,2,7,3,4,3,6,5,4,5,2,4,4,1,2,1,3,5,5,1,6,6,4,3,4,4,4,7,3,5,5,4,4,5,6,5,3,5,4,5,6,4,5,4,4,2,4
weird,male,body,518061,female,,20.9,1,1,3,4,1,3,3,3,2,2,2,1,1,2,3,2,1,1,3,1,3,1,2,3,2,4,2,3,2,2,1,4,3,3,2,4,1,3,2,2,4,3,2,2,2,2,3,1,2,2
weird,male,body,518966,female,either,19.7,3,3,4,3,5,3,3,4,3,4,5,4,5,4,4,5,4,4,4,4,5,3,3,4,4,5,4,4,5,4,3,5,3,4,3,5,3,5,2,4,4,4,4,3,4,5,5,3,4,5
weird,male,body,526278,female,men,19.5,2,4,2,1,1,6,5,4,1,1,5,1,6,1,3,7,1,2,1,1,3,4,2,1,6,5,1,6,4,3,3,1,2,2,1,1,5,1,3,1,2,2,4,1,1,4,2,1,2,5
weird,male,body,519432,female,either,19.9,4,3,5,4,3,3,3,5,3,4,1,2,4,4,3,5,4,4,5,4,4,3,2,3,5,3,4,4,3,2,4,4,2,2,4,3,3,2,2,3,4,6,4,2,4,2,3,3,3,3
weird,male,body,525816,female,women,20.7,3,5,4,6,3,3,5,6,6,6,3,5,4,4,6,6,4,5,5,5,5,5,5,5,6,5,4,1,4,4,6,6,3,2,5,5,3,4,6,5,2,5,5,4,5,1,4,5,4,6
weird,male,body,525448,female,men,27.0,4,3,3,5,3,3,7,3,4,2,2,2,4,3,1,2,5,4,4,5,1,3,2,2,2,1,3,3,4,5,3,1,4,2,2,2,3,3,7,3,3,1,1,4,2,3,3,4,4,2
weird,male,body,524689,female,men,19.4,7,6,5,6,5,7,6,5,5,6,5,6,6,6,6,6,7,6,5,6,6,6,7,6,5,6,5,5,6,6,6,6,7,6,6,5,6,5,6,6,6,5,5,6,6,7,6,6,6,7
weird,male,body,524084,female,men,20.7,4,4,5,4,5,4,5,4,4,4,4,4,4,4,5,4,4,4,4,4,6,4,5,4,5,5,4,4,4,4,5,5,4,4,4,6,4,5,4,4,4,5,5,4,4,4,4,4,4,5
weird,male,body,520254,female,,18.6,1,2,4,1,2,1,5,7,3,3,4,3,2,2,3,5,1,5,3,6,5,3,2,4,7,1,5,2,2,5,1,4,1,4,4,7,4,5,3,4,4,6,4,1,3,1,2,1,4,6
aggressive,male,faces,523383,male,men,36.3,3,3,5,6,1,2,4,3,5,6,5,5,5,2,4,3,3,5,5,6,5,3,3,6,2,3,3,3,5,5,3,5,4,4,3,5,4,3,3,3,5,2,5,3,4,5,3,4,5,2
aggressive,male,faces,528968,male,women,18.5,6,6,4,2,6,3,4,3,2,6,2,2,3,6,6,5,4,3,4,1,3,2,3,6,4,3,4,2,2,2,3,5,4,6,3,2,3,3,3,3,2,4,2,3,5,5,3,5,5,5
aggressive,male,faces,526810,male,women,32.0,2,5,6,2,2,2,6,5,6,5,2,7,6,2,7,4,3,2,6,5,6,5,2,2,2,1,4,2,7,2,2,6,1,2,6,5,3,5,7,3,2,5,3,2,3,6,5,3,5,5
aggressive,male,faces,423076,male,women,56.2,3,3,5,6,1,1,5,1,6,4,4,4,5,4,7,3,2,3,2,4,6,2,1,1,2,1,4,2,4,3,1,3,3,4,3,7,3,3,1,2,7,4,6,1,4,5,5,1,6,3
aggressive,male,faces,518690,male,men,24.0,6,5,6,5,5,7,6,6,2,5,4,7,5,3,5,2,3,4,5,5,6,3,4,6,2,6,3,2,5,4,2,7,4,2,4,6,4,6,6,5,6,5,5,4,3,6,7,5,3,5
aggressive,male,faces,530065,male,men,28.1,3,1,6,5,1,1,5,1,4,6,5,4,3,1,6,4,3,2,5,5,5,2,3,2,3,3,2,2,2,2,2,2,1,2,3,2,2,2,3,1,3,2,7,2,2,4,3,5,3,2
aggressive,male,faces,520325,male,either,25.3,2,5,6,4,4,4,6,4,7,7,1,5,5,2,5,4,4,3,2,6,2,4,3,3,6,2,3,5,5,4,3,3,5,4,6,5,6,3,7,3,6,3,3,1,5,6,4,5,6,1
aggressive,male,faces,521200,male,women,26.0,3,4,6,6,2,6,6,5,6,7,4,6,4,4,6,4,3,5,5,5,4,3,3,3,3,3,2,5,5,5,3,4,2,3,5,2,3,7,4,2,6,4,6,3,2,6,2,3,4,4
aggressive,male,faces,522653,male,women,18.3,2,3,3,4,3,2,5,3,6,4,2,6,4,3,2,3,3,3,3,5,3,3,2,3,3,2,3,3,5,3,3,3,3,2,3,3,3,3,1,3,4,3,3,3,3,4,3,2,3,3
aggressive,male,faces,529433,male,women,22.9,3,4,4,3,2,7,6,6,3,6,5,6,6,5,6,3,5,4,5,5,5,4,3,5,4,2,3,5,5,5,3,3,2,4,5,6,6,4,4,3,5,4,5,3,2,6,6,6,5,4
aggressive,male,faces,517901,female,men,22.0,3,5,5,6,3,3,5,6,4,6,5,4,5,4,5,2,4,2,5,4,5,3,4,6,3,4,5,3,3,3,3,6,4,2,5,4,4,5,6,5,5,5,2,5,3,6,5,3,5,6
aggressive,male,faces,517964,female,men,18.8,5,3,4,6,2,3,7,5,7,2,2,4,6,5,5,3,4,4,2,6,5,4,3,3,4,5,4,4,5,4,3,6,3,5,6,5,6,5,5,5,7,6,4,3,4,3,5,4,3,2
aggressive,male,faces,518286,female,men,29.1,2,1,5,1,1,3,7,5,4,7,1,7,6,1,4,4,1,3,4,7,7,2,3,6,1,3,1,1,5,2,1,6,1,1,2,6,5,7,1,2,3,6,4,4,1,6,4,6,1,5
aggressive,male,faces,525222,female,men,31.0,3,4,3,6,3,5,3,3,5,7,6,5,5,3,5,1,3,7,5,6,7,3,4,5,3,1,2,4,4,5,2,7,4,1,4,3,6,5,3,4,4,4,5,3,5,5,4,5,5,2
aggressive,male,faces,519705,female,men,19.6,6,5,5,5,3,3,6,5,6,5,5,6,6,2,3,3,3,5,6,6,5,2,3,5,3,5,5,6,6,2,4,4,4,3,5,5,5,4,6,5,5,2,7,3,6,6,5,3,4,2
aggressive,male,faces,524747,female,either,20.1,6,4,5,5,2,1,6,3,4,6,4,7,5,1,5,4,3,3,6,5,6,2,3,3,5,4,3,4,6,7,3,6,5,4,1,5,5,3,6,3,5,5,4,3,4,3,5,5,4,6
aggressive,male,faces,525795,female,men,23.1,1,1,2,3,1,2,2,2,3,4,1,3,3,1,3,3,2,3,3,3,4,2,1,3,3,1,1,1,3,1,3,4,2,2,3,2,4,4,2,2,3,2,3,3,2,4,2,3,3,3
aggressive,male,faces,526134,female,men,22.6,6,3,6,7,6,3,5,4,5,2,3,6,5,2,5,3,2,1,4,6,3,2,5,4,5,3,3,2,4,3,2,5,3,3,3,3,4,5,2,3,4,4,5,2,5,6,3,5,4,3
aggressive,male,faces,526751,female,either,20.4,2,4,5,4,2,6,6,3,7,6,5,5,6,4,4,4,6,6,4,5,6,3,5,6,2,2,2,4,3,6,2,6,2,5,2,5,2,5,1,2,3,4,3,6,4,2,5,6,3,5
aggressive,male,faces,518828,female,men,57.7,2,4,6,5,2,3,6,5,5,5,3,6,5,3,4,3,5,4,3,5,5,3,4,4,2,3,5,4,4,4,3,5,3,3,4,5,4,4,6,3,4,4,6,2,3,6,6,3,6,2
attractive,male,faces,528246,male,women,20.7,1,1,1,1,5,1,1,1,1,1,1,1,1,2,1,4,1,1,2,1,2,2,1,1,1,1,1,2,1,1,1,1,2,1,5,3,1,2,1,3,1,3,1,1,2,1,6,1,6,1
attractive,male,faces,529086,male,women,24.5,5,5,2,4,5,7,5,4,2,4,2,2,4,2,5,4,5,3,5,4,4,3,4,6,2,1,3,4,5,4,3,7,4,6,3,2,1,4,2,4,6,2,3,4,3,4,5,4,4,3
attractive,male,faces,517985,male,women,21.9,3,4,4,5,4,5,3,3,3,3,3,3,4,3,5,4,4,3,4,6,3,4,4,4,3,2,4,2,5,5,5,5,6,6,5,3,5,4,3,3,5,5,2,4,4,3,3,4,6,5
attractive,male,faces,529660,male,women,22.5,4,4,4,4,4,4,4,4,4,4,4,4,4,4,4,4,4,4,4,4,4,4,4,4,4,4,4,4,4,4,4,4,4,4,4,4,4,4,4,4,4,4,4,4,4,4,4,4,4,4
attractive,male,faces,519315,male,men,34.7,1,1,1,2,3,2,3,4,3,1,2,5,2,2,2,5,2,3,3,1,2,2,3,1,2,1,2,5,3,1,3,2,2,1,3,1,2,2,2,3,1,3,2,2,2,1,2,2,6,1
attractive,male,faces,520748,male,neither,25.1,5,2,2,3,2,4,3,2,2,2,1,1,3,3,4,2,3,1,2,2,1,2,3,3,2,1,2,2,6,1,2,2,2,1,3,2,2,1,4,2,1,3,1,4,5,1,1,2,5,3
attractive,male,faces,522014,male,women,60.5,4,4,4,2,5,4,4,5,4,1,3,2,3,5,4,5,6,2,5,3,3,4,3,4,3,4,2,3,2,5,5,5,3,3,3,3,4,3,4,4,2,4,2,4,3,3,3,3,6,4
attractive,male,faces,523154,male,women,35.2,5,2,3,4,4,3,4,4,3,3,1,3,4,3,3,4,4,3,3,3,4,4,4,5,2,2,3,4,3,3,4,4,4,4,4,2,5,4,3,2,4,4,2,3,3,2,3,4,4,4
attractive,male,faces,526355,male,women,34.2,5,4,3,4,5,4,3,4,4,3,3,3,4,4,3,5,3,3,3,2,3,3,4,3,3,2,3,4,4,4,5,4,2,3,4,2,3,3,3,5,4,4,2,4,4,2,3,3,5,4
attractive,male,faces,469859,male,,27.0,3,3,3,4,4,4,5,3,3,3,1,3,6,3,3,2,5,3,4,3,3,3,2,2,2,2,2,4,3,5,4,4,4,3,3,1,4,2,3,2,4,3,3,4,2,3,3,3,5,2
attractive,male,faces,519275,female,men,19.6,1,1,1,1,1,1,3,1,1,1,1,1,2,1,1,1,1,1,2,1,1,1,1,1,1,1,1,1,1,1,1,1,2,2,1,1,1,1,1,1,1,1,1,1,1,1,1,1,3,1
attractive,male,faces,518640,female,men,23.4,5,2,3,3,5,5,4,4,4,1,1,2,5,5,4,3,5,3,4,3,3,3,3,2,3,1,3,4,5,4,5,4,5,4,2,1,4,1,3,4,4,2,3,3,3,1,3,3,4,4
attractive,male,faces,518900,female,men,18.6,3,4,4,5,4,4,4,4,4,4,2,3,4,5,4,4,3,4,3,4,3,4,4,5,3,2,4,3,6,3,4,4,3,4,4,3,4,3,4,4,5,4,3,4,4,4,4,4,5,4
attractive,male,faces,524137,female,,26.0,1,1,1,1,1,1,1,1,1,1,1,2,1,1,1,1,1,1,1,1,1,1,1,1,1,1,1,1,1,1,1,1,1,1,1,1,1,1,1,1,1,2,1,1,1,1,1,1,1,1
attractive,male,faces,524973,female,men,40.2,1,1,1,1,1,1,3,1,1,1,1,1,1,1,1,1,1,1,2,1,1,1,1,7,1,1,1,1,1,5,6,6,1,4,1,1,1,1,1,1,4,1,1,1,1,1,1,1,1,5
attractive,male,faces,525558,female,either,20.6,1,2,4,2,2,1,2,5,3,2,1,2,4,5,2,2,1,4,2,1,2,3,2,1,4,1,2,1,2,1,3,1,1,2,3,1,4,1,3,2,4,2,2,3,1,2,1,4,5,5
attractive,male,faces,525822,female,neither,30.3,4,4,3,4,3,3,5,4,3,3,2,4,3,4,5,3,5,3,5,3,3,4,2,5,2,3,3,3,2,4,5,5,5,4,3,3,4,4,3,4,3,4,2,3,2,4,3,4,6,5
attractive,male,faces,526744,female,men,44.7,3,3,2,3,3,3,2,5,5,2,1,3,2,5,4,4,3,3,5,1,4,2,4,4,3,1,2,3,4,3,5,3,3,4,3,3,2,4,2,4,4,4,1,3,3,1,3,4,5,2
attractive,male,faces,512587,female,men,23.7,3,5,2,2,5,2,1,3,1,3,1,2,2,5,1,6,2,4,4,2,2,6,2,2,2,2,3,1,2,2,1,3,2,5,3,2,2,4,3,2,2,3,1,5,2,3,2,2,3,5
attractive,male,faces,518006,female,men,51.3,2,3,2,1,4,2,2,3,3,2,1,1,3,5,2,2,2,2,4,1,2,3,1,1,2,1,1,3,2,4,5,4,4,2,2,2,1,2,1,2,3,5,1,1,1,1,2,2,5,2
caring,male,faces,527681,male,women,19.1,4,5,2,2,4,2,2,5,2,4,1,1,2,4,5,5,5,2,2,1,1,5,3,3,4,4,5,4,3,6,5,3,4,5,5,1,1,1,2,4,2,3,1,2,3,1,3,3,4,3
caring,male,faces,525847,male,women,29.2,1,3,2,1,5,1,6,4,1,1,1,7,1,5,4,3,4,1,5,3,7,1,1,1,2,4,7,7,1,1,2,3,3,4,1,7,1,1,3,7,1,5,1,1,6,1,4,1,5,1
caring,male,faces,523383,male,men,36.3,2,4,4,2,5,5,3,5,3,2,3,3,3,5,3,4,5,3,5,1,3,4,5,1,5,3,5,4,3,4,4,2,4,5,5,2,2,5,1,5,2,5,2,4,4,2,3,4,4,5
caring,male,faces,522651,male,women,26.8,2,6,3,2,4,2,3,3,3,2,5,3,3,4,3,3,5,3,3,3,4,2,6,2,3,3,3,3,4,3,5,1,3,5,3,3,2,2,2,5,1,2,2,3,6,2,4,4,5,3
caring,male,faces,521200,male,women,26.0,3,3,2,2,3,3,1,3,2,1,4,2,2,4,2,3,2,2,2,1,2,4,3,2,2,3,4,3,3,4,3,2,3,4,4,2,3,1,1,2,1,2,1,4,4,1,3,2,3,3
caring,male,faces,517892,male,women,27.0,6,3,7,3,5,1,4,3,1,1,1,5,4,5,4,4,3,6,3,3,3,4,3,5,4,2,6,5,1,5,5,4,3,5,2,2,3,5,3,3,3,7,4,4,5,4,3,3,3,3
caring,male,faces,528928,male,men,48.0,5,5,2,1,6,5,3,5,3,1,3,2,3,7,2,5,7,6,6,2,2,5,5,5,2,3,5,6,2,3,7,3,6,2,3,6,1,6,1,6,5,3,1,5,2,1,5,3,6,5
caring,male,faces,529420,male,women,49.4,3,4,5,3,6,5,2,5,1,4,4,3,3,5,4,5,6,4,3,3,3,7,7,4,5,3,5,5,3,2,6,3,3,4,5,4,3,5,1,4,2,3,3,5,3,4,2,3,3,4
caring,male,faces,530187,male,women,34.4,5,3,4,2,5,5,3,5,4,2,4,3,4,3,4,6,5,5,4,1,3,7,4,2,5,4,4,4,2,2,4,3,4,6,4,3,3,7,4,5,2,4,1,5,1,2,5,4,2,4
caring,male,faces,520252,male,men,25.2,5,3,4,5,4,2,3,4,3,1,3,4,5,6,2,4,3,4,7,2,2,4,3,4,2,3,5,5,5,2,5,2,2,5,3,2,3,1,5,5,2,5,2,4,4,2,3,3,6,3
caring,male,faces,530263,male,women,18.1,2,3,1,2,6,1,2,4,2,2,1,2,5,5,1,5,3,3,3,5,1,2,6,2,3,1,6,5,3,2,5,3,5,5,4,1,3,1,1,5,3,2,2,3,4,2,3,4,4,5
caring,male,faces,530256,male,either,21.6,2,4,2,3,5,4,2,2,3,2,4,2,2,4,3,3,3,2,4,3,2,3,2,3,4,2,4,3,3,3,2,2,3,4,2,3,3,3,2,2,2,2,3,3,3,3,3,4,4,4
caring,male,faces,530250,male,women,23.0,1,5,4,2,5,5,4,3,2,3,4,2,6,5,2,6,4,4,3,3,1,4,5,3,2,2,3,5,3,2,5,2,4,4,4,3,4,3,1,3,2,4,2,4,3,2,3,2,4,4
caring,male,faces,530208,male,men,25.6,1,3,3,4,5,7,1,3,5,1,1,1,5,1,7,5,5,7,3,5,1,5,1,1,3,1,5,3,5,1,7,5,5,5,4,3,5,2,1,1,2,5,5,4,5,1,7,5,7,4
caring,male,faces,525792,female,either,21.0,7,3,3,6,7,6,4,6,3,1,5,6,7,7,2,7,7,5,7,7,5,5,6,6,1,1,5,4,2,7,6,5,7,5,2,3,4,3,3,5,7,4,2,7,5,4,6,7,5,6
caring,male,faces,518826,female,men,22.6,2,5,1,5,5,6,3,5,2,1,2,1,3,6,3,4,4,3,3,1,3,4,5,4,2,1,5,4,1,2,5,3,2,3,4,2,1,2,1,2,1,4,1,4,2,1,4,4,3,2
caring,male,faces,519126,female,either,19.9,3,7,7,7,7,3,2,7,7,2,7,7,7,2,3,4,7,7,4,1,3,7,3,7,2,7,7,7,7,7,7,7,7,7,2,2,7,7,7,7,1,7,7,2,7,7,1,7,3,7
caring,male,faces,519513,female,men,20.3,1,1,1,1,1,1,1,1,1,1,1,1,1,2,1,1,1,1,1,1,1,1,1,1,1,1,1,2,1,1,2,2,1,1,1,1,1,1,1,1,1,3,1,2,1,1,1,1,1,1
caring,male,faces,517939,female,either,27.1,2,4,1,2,3,3,2,3,2,3,2,1,3,3,2,3,3,2,4,2,2,3,4,3,2,1,3,2,2,1,3,2,3,2,2,2,1,2,1,2,2,2,3,3,1,1,2,4,1,3
caring,male,faces,524736,female,either,35.2,2,4,2,4,5,5,4,4,4,3,4,3,4,5,5,4,4,6,5,4,3,5,4,5,3,5,4,6,3,5,5,4,4,5,4,4,4,4,3,4,4,2,3,4,4,2,4,4,3,5
caring,male,faces,526793,female,men,20.3,4,4,2,3,5,5,3,3,2,2,3,2,2,3,3,4,2,3,4,3,3,2,4,2,3,2,4,4,4,6,4,3,3,5,4,3,2,2,2,4,3,3,1,3,3,4,3,2,4,4
caring,male,faces,525172,female,men,30.0,2,3,3,2,4,4,2,3,1,2,2,4,2,4,2,4,2,3,3,2,2,4,4,2,2,1,3,3,2,2,4,2,3,2,3,2,2,2,1,2,2,3,2,2,2,2,3,3,2,2
caring,male,faces,525790,female,men,26.2,3,5,3,4,7,7,2,5,4,3,2,3,3,6,1,4,3,4,5,2,2,5,5,3,3,3,5,5,4,5,6,3,3,4,5,3,2,4,2,2,3,2,2,5,4,3,5,4,4,4
caring,male,faces,518274,female,men,18.7,5,5,3,3,5,3,4,5,3,2,4,3,3,4,4,4,3,3,3,3,3,4,5,3,3,3,3,4,4,4,5,4,3,3,3,3,3,3,3,4,3,3,3,4,3,3,5,3,4,5
confident,male,faces,526617,male,women,19.9,1,2,3,4,4,4,2,5,3,3,1,4,6,2,5,4,1,2,4,3,1,2,4,2,1,2,3,3,4,5,4,4,3,2,4,1,5,3,1,2,4,3,2,2,3,3,4,3,5,3
confident,male,faces,528885,male,women,19.3,6,6,6,6,6,6,6,6,6,6,6,6,5,6,6,6,6,6,6,6,6,6,6,7,5,6,6,6,6,7,6,7,6,6,6,6,7,6,6,4,6,6,6,6,6,6,6,6,7,6
confident,male,faces,525828,male,women,20.1,4,2,2,3,3,4,5,1,4,2,1,3,5,3,3,3,2,2,2,3,4,4,3,4,3,1,3,2,3,3,4,5,5,4,5,1,4,1,1,2,1,3,2,2,2,2,2,3,5,2
confident,male,faces,529409,male,women,30.6,2,2,2,1,2,2,2,2,3,1,2,2,2,2,2,2,1,2,3,2,1,2,2,2,2,1,1,2,2,2,2,2,3,2,2,2,2,1,2,1,2,3,1,2,2,1,2,1,2,1
confident,male,faces,530054,male,women,21.2,2,5,2,5,4,6,5,2,4,3,2,3,4,5,6,4,1,1,4,3,2,5,1,4,1,1,3,3,5,4,2,1,1,3,6,1,3,1,5,1,6,2,3,2,2,5,3,2,4,3
confident,male,faces,523380,male,men,19.1,1,2,1,2,5,4,6,2,2,1,4,4,3,3,5,1,2,1,3,1,2,1,2,1,2,1,4,2,1,2,7,1,4,1,3,2,1,1,1,1,5,1,1,1,4,1,3,2,2,2
confident,male,faces,522400,male,women,57.1,2,2,2,3,3,5,4,3,4,3,3,3,5,5,3,4,2,4,5,2,3,3,2,6,3,2,3,4,5,5,6,3,3,4,6,3,3,4,3,3,2,3,3,4,2,3,4,3,5,6
confident,male,faces,520210,male,women,25.7,3,6,4,6,7,4,4,4,4,4,4,3,6,6,6,6,4,4,4,4,4,3,5,5,4,4,6,5,6,3,6,5,5,5,3,3,4,6,3,4,3,3,3,7,4,3,6,4,5,3
confident,male,faces,476041,male,,90.1,2,4,4,4,5,5,4,4,4,4,4,4,4,3,4,4,4,3,4,4,4,4,4,4,4,3,4,3,4,5,4,4,3,2,4,5,4,4,4,2,4,3,4,4,3,4,4,4,4,4
confident,male,faces,518690,male,men,24.0,2,2,2,1,1,3,2,2,3,1,1,1,3,2,2,5,1,2,3,1,1,1,2,2,3,1,1,4,1,2,4,1,2,3,3,1,1,1,1,1,4,5,1,1,2,1,2,2,5,1
confident,male,faces,516938,female,men,37.9,3,4,5,7,4,5,7,4,7,6,2,7,6,5,6,3,3,2,4,2,6,2,2,6,4,2,4,6,6,5,5,7,5,4,3,6,5,6,3,4,6,6,2,4,4,5,4,2,5,7
confident,male,faces,518229,female,either,23.8,4,4,2,3,4,7,2,3,7,2,1,3,7,4,4,3,2,3,6,5,3,2,3,2,2,2,6,3,5,5,5,2,6,3,6,1,2,3,4,6,3,3,2,2,5,3,4,6,3,2
confident,male,faces,518824,female,men,33.8,3,4,4,7,5,6,4,3,3,3,3,2,4,5,5,4,4,4,3,4,4,3,3,3,2,4,5,3,5,3,5,3,3,3,6,4,4,3,3,5,4,4,3,4,4,3,4,4,4,4
confident,male,faces,519113,female,men,19.7,3,4,3,5,6,5,4,4,2,2,4,4,3,4,4,4,3,2,4,2,2,3,4,4,2,2,5,4,5,4,5,4,5,3,5,3,2,3,3,6,5,5,3,3,4,3,3,4,4,4
confident,male,faces,526734,female,men,28.4,2,5,4,4,5,5,3,3,4,4,3,3,4,5,4,4,4,3,4,3,2,4,3,3,2,3,4,6,5,4,6,4,4,4,5,3,2,5,5,2,3,2,4,2,3,1,4,4,5,4
confident,male,faces,519433,female,men,19.0,5,2,2,6,2,2,7,3,1,1,1,4,6,6,5,3,4,4,5,5,2,6,3,1,2,1,3,2,3,3,5,3,3,7,2,2,6,1,4,5,4,2,1,5,1,4,2,3,3,7
confident,male,faces,526133,female,,23.4,2,5,3,3,5,7,2,3,4,1,3,3,4,4,6,4,3,1,4,1,2,4,4,3,3,3,5,4,4,5,6,4,4,2,3,2,3,4,3,3,4,4,1,4,3,2,5,4,3,4
confident,male,faces,525787,female,men,21.3,5,4,1,3,7,7,7,6,3,3,3,3,5,6,7,4,3,1,5,3,4,3,4,4,2,5,4,3,5,5,6,4,3,4,6,3,4,5,7,3,5,5,5,4,4,6,5,4,4,3
confident,male,faces,524586,female,men,23.1,4,1,3,1,4,5,6,4,3,1,2,2,6,6,2,1,3,1,5,2,1,3,2,6,2,1,5,2,6,6,6,3,2,4,2,1,2,6,3,2,6,6,7,5,3,1,5,3,4,1
confident,male,faces,525127,female,men,28.6,1,1,3,4,4,5,5,4,5,2,3,4,5,6,3,5,2,4,3,4,2,5,5,4,2,4,5,5,4,5,4,2,2,5,5,3,2,2,4,3,3,3,1,2,2,2,3,4,4,3
dominant,male,faces,520018,male,either,21.8,3,3,3,3,1,3,3,3,4,3,2,3,3,3,3,3,3,3,3,3,2,3,3,2,3,2,3,4,2,3,2,2,3,4,3,3,3,3,2,3,4,3,2,3,3,3,3,3,3,3
dominant,male,faces,521011,male,men,22.8,4,4,3,4,4,3,3,3,3,4,3,4,4,4,5,3,3,3,3,4,3,4,3,4,3,4,3,4,5,4,3,3,3,3,3,3,4,4,4,3,4,4,3,3,3,4,4,3,3,3
dominant,male,faces,522180,male,women,41.5,2,2,4,3,2,6,5,3,3,2,2,4,4,4,5,2,1,3,2,6,2,2,3,2,1,2,3,3,3,4,3,5,3,2,5,2,3,4,3,2,4,2,2,3,3,3,5,2,4,4
dominant,male,faces,523371,male,women,36.6,3,4,4,5,3,1,6,5,5,2,1,5,5,4,4,4,2,3,2,5,4,2,3,2,4,2,5,3,5,3,4,3,2,4,3,2,4,3,5,3,5,4,3,3,4,4,4,3,4,1
dominant,male,faces,526684,male,women,33.1,2,3,5,5,2,2,5,4,4,5,4,4,4,3,2,3,2,3,5,5,2,3,3,2,2,1,2,4,6,3,3,5,3,2,4,4,5,5,4,4,5,4,2,3,3,2,1,1,4,1
dominant,male,faces,518651,male,men,23.4,1,1,3,2,2,1,4,1,4,1,1,2,3,1,3,2,1,1,1,3,1,1,1,1,1,1,1,1,3,2,1,1,1,1,3,2,2,1,1,1,4,1,1,1,1,2,1,1,3,1
dominant,male,faces,518376,male,women,19.3,1,1,2,4,2,4,6,3,6,5,1,5,3,3,6,4,4,2,1,3,1,5,1,3,1,1,1,1,2,4,4,3,3,2,6,3,4,7,2,1,6,6,4,2,5,4,3,3,6,3
dominant,male,faces,528701,male,women,24.8,1,2,4,6,3,1,5,3,6,1,2,5,5,4,2,2,2,4,2,5,4,2,2,2,2,2,3,1,4,2,2,1,2,3,2,1,4,3,5,3,6,2,2,1,1,2,2,2,4,1
dominant,male,faces,529902,male,women,37.6,2,4,4,6,4,6,5,4,4,1,4,4,6,6,6,1,2,3,5,5,4,3,2,4,2,2,4,2,4,4,4,5,3,2,6,2,4,5,3,4,4,5,3,4,6,2,2,3,6,5
dominant,male,faces,530340,male,women,43.2,2,4,4,6,3,4,5,4,6,4,2,4,4,3,3,4,4,3,2,4,5,2,4,1,1,1,4,4,3,3,3,4,2,3,2,2,4,3,4,3,3,3,2,2,4,3,3,4,3,1
dominant,male,faces,525518,male,men,14.7,1,1,1,1,1,1,1,1,1,1,1,1,1,1,1,1,1,1,1,1,1,1,1,1,1,1,1,1,1,1,1,1,1,1,1,1,1,1,1,1,1,1,1,1,1,1,1,1,1,1
dominant,male,faces,526726,female,either,18.5,2,3,4,4,3,5,4,4,4,5,4,5,5,3,6,3,3,4,4,4,4,4,4,3,3,4,3,3,4,4,4,4,3,5,4,3,4,4,4,4,5,4,4,2,4,4,4,4,4,4
dominant,male,faces,525114,female,either,20.1,3,3,4,6,5,4,3,4,6,3,4,4,3,6,5,3,3,3,5,3,3,4,3,4,2,3,3,4,5,3,3,5,3,3,5,3,6,3,4,5,4,3,3,3,4,4,3,3,3,4
dominant,male,faces,524449,female,,22.1,2,4,4,7,7,2,4,5,1,1,3,1,1,4,2,1,2,2,3,6,1,7,5,2,7,3,5,4,4,2,7,7,3,3,7,4,3,2,3,7,3,5,7,3,2,6,6,3,1,1
dominant,male,faces,519402,female,men,21.6,2,2,2,5,2,4,3,2,3,2,2,3,2,3,3,2,3,3,2,4,2,4,3,2,2,2,3,2,2,3,3,2,2,2,3,2,3,2,4,2,4,4,2,2,2,3,2,4,2,2
dominant,male,faces,519091,female,men,46.6,2,4,5,6,3,3,6,3,7,4,5,5,7,3,6,3,2,2,2,4,5,1,3,4,4,1,4,5,4,4,3,5,2,1,2,4,2,4,6,3,4,6,6,3,6,6,3,1,4,3
dominant,male,faces,518749,female,men,31.7,3,3,3,4,3,4,6,5,5,4,1,7,6,6,4,6,4,7,4,6,2,3,1,1,1,2,3,6,5,1,4,3,4,1,5,3,1,2,5,4,6,6,3,2,5,2,4,4,5,1
dominant,male,faces,518132,female,neither,19.9,2,4,5,1,4,3,1,5,2,1,1,1,1,4,1,3,1,1,1,5,4,1,1,1,1,1,1,3,1,3,4,1,1,2,3,1,1,1,1,3,1,4,2,1,1,2,5,1,2,3
dominant,male,faces,517823,female,men,24.7,3,5,4,4,5,4,4,4,5,6,3,5,5,3,4,3,4,3,3,3,4,3,3,5,3,3,4,2,4,4,2,5,2,4,3,3,5,4,6,3,4,4,3,3,3,5,5,3,3,3
dominant,male,faces,112591,female,men,51.5,2,5,6,7,4,5,6,5,6,6,5,6,1,3,5,5,4,3,3,5,5,3,3,2,2,1,4,6,5,1,3,2,3,2,3,2,3,6,2,6,4,4,6,2,5,2,4,4,5,1
dominant,male,faces,526869,female,men,21.2,4,3,2,4,4,5,7,3,4,3,2,2,4,6,2,3,3,4,6,3,3,4,3,3,2,1,4,5,2,2,5,7,3,3,4,2,2,2,2,2,3,5,2,3,5,5,3,3,5,3
dominant,male,faces,525742,female,men,22.0,7,1,1,1,2,1,5,2,1,1,1,1,5,3,2,2,2,1,4,3,1,1,1,7,1,1,1,2,1,7,4,5,2,3,2,1,1,2,5,2,5,3,2,3,1,1,1,3,4,2
emotionally_stable,male,faces,523388,male,women,39.6,4,6,4,5,6,5,3,4,3,3,4,5,3,6,4,4,5,3,6,3,4,5,5,4,3,4,6,4,5,4,6,4,4,4,4,4,4,4,4,4,4,4,3,4,5,3,3,3,5,4
emotionally_stable,male,faces,529820,male,women,61.9,2,3,3,4,5,3,4,4,4,3,5,3,5,4,5,4,5,3,5,3,4,5,4,3,4,2,5,3,5,5,5,5,3,5,4,5,3,3,4,4,3,5,3,5,5,3,3,4,4,5
emotionally_stable,male,faces,522140,male,women,26.6,6,6,3,5,7,6,5,4,4,2,3,5,5,3,6,5,2,3,5,3,2,3,5,5,3,2,5,4,6,3,7,6,6,3,5,2,6,5,6,6,5,4,3,6,5,5,3,4,7,5
emotionally_stable,male,faces,520851,male,women,22.4,6,3,3,4,4,3,3,7,3,3,4,5,3,6,2,4,4,3,5,3,1,4,4,2,4,4,4,5,4,4,5,4,4,4,4,4,3,2,2,6,4,4,3,4,5,3,6,4,5,2
emotionally_stable,male,faces,526088,male,women,25.8,4,5,4,3,5,5,3,5,3,3,5,5,6,6,6,6,4,3,6,3,3,6,5,5,4,4,4,6,5,5,4,4,5,6,5,3,3,5,4,3,4,5,3,5,4,3,3,5,6,5
emotionally_stable,male,faces,526530,male,women,65.5,5,4,4,3,4,3,4,4,3,2,3,4,5,5,4,5,5,3,6,4,4,5,5,5,3,2,4,6,5,5,5,5,3,5,6,3,3,5,1,3,4,5,4,4,4,1,4,4,5,3
emotionally_stable,male,faces,518267,male,women,38.9,3,5,3,4,5,7,3,5,3,2,5,2,3,3,5,5,4,3,5,3,2,7,3,3,3,5,6,4,5,4,6,5,3,6,5,3,3,3,3,3,4,6,3,3,5,3,2,5,5,5
emotionally_stable,male,faces,528271,male,men,53.5,5,4,5,6,4,3,6,5,6,2,4,3,4,6,3,5,3,4,4,1,2,5,6,2,4,2,6,6,6,5,6,3,4,3,5,4,4,2,3,5,6,5,3,5,6,3,6,4,6,4
emotionally_stable,male,faces,529160,male,women,22.7,4,3,2,3,4,4,2,1,2,3,4,1,3,5,4,5,4,5,4,2,4,4,5,5,6,3,5,4,3,6,6,5,5,5,3,2,6,1,4,4,3,3,3,5,3,4,5,5,5,5
emotionally_stable,male,faces,283853,male,men,52.4,3,4,4,5,5,3,6,5,6,3,4,6,4,6,5,5,2,3,2,4,2,3,5,4,6,4,4,5,5,3,6,3,5,4,6,4,3,4,5,5,5,5,2,4,5,5,5,2,3,4
emotionally_stable,male,faces,526611,female,men,21.0,3,3,4,4,4,1,3,4,4,1,4,4,4,4,5,4,3,3,2,4,3,4,4,4,4,3,4,4,4,3,5,4,3,4,4,3,3,2,3,3,4,4,3,4,4,2,3,4,5,4
emotionally_stable,male,faces,525912,female,either,24.7,7,4,5,2,4,6,4,4,2,2,4,3,6,4,5,3,6,3,3,2,4,4,4,6,3,4,5,4,3,6,6,5,3,5,7,3,3,6,4,4,2,3,1,4,5,1,2,4,4,7
emotionally_stable,male,faces,525607,female,men,22.2,2,6,5,5,2,5,4,4,2,2,3,3,5,6,4,3,4,3,5,3,3,3,3,3,6,2,4,6,7,3,7,4,4,3,5,4,3,5,3,5,5,5,2,7,4,4,6,4,4,3
emotionally_stable,male,faces,525065,female,men,19.4,6,2,4,1,6,5,1,1,1,2,3,1,1,7,1,6,2,1,2,3,3,7,5,1,6,1,7,1,3,7,7,4,6,3,1,1,1,2,3,4,2,1,1,1,1,3,1,2,1,1
emotionally_stable,male,faces,517806,female,men,30.6,6,4,2,3,2,2,3,2,1,1,5,1,4,5,5,2,5,2,5,4,3,5,6,4,1,1,5,1,4,3,7,5,6,6,6,2,6,4,4,2,2,3,1,5,2,2,5,6,4,7
emotionally_stable,male,faces,518067,female,men,28.2,3,3,4,2,5,4,3,3,3,6,4,2,5,4,6,4,5,1,4,2,2,5,4,5,4,2,5,3,3,4,6,6,3,6,6,3,2,4,2,4,2,4,3,3,4,1,2,5,3,3
emotionally_stable,male,faces,518688,female,men,24.6,2,4,1,4,6,2,3,4,2,2,3,2,4,5,3,6,3,5,4,3,3,7,5,2,2,1,5,3,3,3,6,2,5,6,4,2,2,4,1,5,4,4,4,4,5,1,4,5,6,2
emotionally_stable,male,faces,519017,female,men,26.6,1,5,3,5,5,4,5,3,3,1,1,1,6,5,1,5,1,5,5,5,1,5,4,1,1,1,1,2,6,5,6,2,4,1,5,2,6,1,5,3,5,1,1,1,5,2,4,5,7,5
emotionally_stable,male,faces,519306,female,men,30.3,3,3,2,2,5,3,2,3,2,2,3,3,3,5,4,3,4,2,3,4,2,5,6,3,4,4,3,4,3,4,4,3,4,3,5,4,3,4,5,3,3,3,3,3,2,3,3,4,4,3
emotionally_stable,male,faces,524310,female,men,22.8,4,3,3,3,5,4,3,3,3,1,2,3,1,5,2,2,4,4,5,4,4,5,5,4,3,4,4,5,3,5,3,4,5,3,4,5,3,5,4,4,3,5,1,5,5,2,5,5,4,5
happy,male,faces,522149,male,women,20.8,3,4,4,3,6,5,4,5,4,3,3,3,4,6,4,4,4,4,4,4,4,5,4,5,4,4,5,4,3,4,5,3,3,5,5,3,3,5,3,5,2,3,4,4,4,2,4,4,4,4
happy,male,faces,523366,male,women,40.7,4,5,3,3,5,6,4,4,3,2,4,3,4,6,4,5,5,3,3,4,4,5,4,4,4,4,4,5,4,4,5,2,4,4,4,4,3,4,3,3,2,3,3,4,4,3,5,4,4,4
happy,male,faces,518651,male,men,23.4,2,5,2,2,5,6,3,2,2,3,1,2,2,7,4,4,5,4,3,2,3,5,6,3,2,4,6,4,4,2,7,2,4,3,4,3,2,5,1,2,2,2,1,2,4,1,5,4,2,5
happy,male,faces,525381,male,men,21.6,6,6,4,5,3,5,4,3,3,2,4,2,5,5,3,2,3,3,4,1,4,4,3,7,4,4,2,3,3,7,6,6,3,4,3,3,3,1,3,4,5,3,4,3,2,5,4,4,5,4
happy,male,faces,518349,male,women,28.7,2,3,3,2,6,6,2,3,5,2,2,3,3,6,3,3,4,3,3,2,3,4,5,3,2,3,4,4,2,3,4,3,4,3,4,2,2,4,2,2,2,2,2,3,2,3,3,2,3,3
happy,male,faces,526171,male,men,20.5,2,1,3,1,5,4,1,2,1,1,1,1,1,6,2,2,2,1,1,1,1,1,1,1,1,1,3,1,1,1,1,1,1,4,1,1,1,1,1,1,1,1,1,1,2,1,1,1,1,2
happy,male,faces,519990,male,women,30.8,3,5,3,3,5,5,4,5,3,3,3,3,4,5,4,4,4,4,4,3,2,5,4,5,3,3,4,4,4,4,5,3,4,4,5,4,3,4,2,4,2,4,3,4,4,3,5,4,5,4
happy,male,faces,528486,male,women,25.6,3,5,3,4,5,5,4,3,4,3,2,2,4,4,4,3,3,4,3,2,3,3,2,3,3,4,5,5,3,3,5,4,4,3,4,3,3,2,4,4,3,3,4,4,3,2,4,2,3,4
happy,male,faces,529681,male,women,33.8,5,3,5,1,5,5,4,4,5,4,2,3,5,6,6,6,4,3,5,2,3,6,6,4,4,3,4,4,3,5,7,6,4,4,5,3,5,3,3,5,5,6,3,4,4,4,5,6,5,4
happy,male,faces,520996,male,women,20.5,3,5,3,4,5,5,4,4,3,3,2,4,4,5,4,5,2,3,4,3,3,3,3,3,1,4,3,3,5,3,5,4,2,4,5,2,5,3,3,1,4,2,2,5,2,4,4,2,5,4
happy,male,faces,518115,female,men,24.7,1,6,2,3,5,6,4,5,3,5,5,4,3,5,4,5,2,5,4,4,3,5,3,4,3,3,4,5,3,4,5,2,4,5,5,2,3,3,2,3,3,3,2,3,3,2,5,3,2,4
happy,male,faces,518700,female,men,23.0,3,4,4,3,6,6,3,4,4,1,3,2,3,6,2,2,4,5,3,4,2,5,4,3,2,5,5,5,4,3,5,2,3,5,6,3,1,2,2,4,2,2,2,3,4,1,4,2,4,3
happy,male,faces,519359,female,either,18.4,3,6,3,3,6,6,3,4,4,3,4,4,4,7,5,4,4,4,4,4,3,5,4,3,2,4,5,4,4,4,5,3,4,4,5,3,3,4,3,4,2,3,2,5,4,2,5,4,4,4
happy,male,faces,507783,female,men,19.6,2,5,4,3,5,6,3,4,3,3,5,3,4,5,4,5,3,4,3,3,4,4,4,3,2,4,4,5,3,3,5,3,4,4,4,3,3,3,4,3,4,4,3,2,3,3,4,3,4,4
happy,male,faces,486886,female,men,20.7,2,3,1,2,5,6,2,3,3,2,4,2,3,6,4,4,3,3,3,1,3,4,3,4,2,2,3,5,4,2,5,2,2,4,4,3,2,3,2,1,2,4,2,3,3,1,3,3,3,4
happy,male,faces,524345,female,men,18.1,1,1,1,1,1,1,1,1,1,1,1,1,1,1,1,1,1,1,1,1,1,1,1,1,1,1,1,1,1,1,1,1,1,1,1,1,1,1,1,1,1,1,1,1,1,1,1,1,1,1
happy,male,faces,525082,female,either,39.3,2,4,3,4,5,6,3,4,3,3,3,2,4,5,3,4,4,4,4,3,3,4,4,3,3,4,5,4,4,4,5,3,4,4,4,3,4,4,2,3,3,3,3,4,4,2,4,4,3,4
happy,male,faces,525609,female,either,19.6,4,6,2,3,6,5,4,4,4,3,4,3,4,6,4,5,4,5,5,3,2,5,4,4,3,4,6,6,2,5,5,3,2,5,2,4,4,5,2,2,3,4,4,3,4,2,4,4,3,4
happy,male,faces,526019,female,men,18.7,2,6,2,3,6,7,4,5,3,3,4,1,6,6,6,5,5,4,4,3,3,5,5,3,3,5,6,5,5,4,5,4,5,3,5,4,3,5,4,2,2,4,3,4,4,2,5,4,4,5
happy,male,faces,526651,female,men,21.8,2,6,4,4,6,6,2,3,3,2,5,2,5,5,5,4,5,5,3,4,4,5,5,3,2,4,5,5,4,5,5,2,5,4,5,3,4,5,3,4,3,4,4,5,4,3,5,4,3,5
intelligent,male,faces,521634,male,women,19.8,2,3,2,3,4,3,3,5,4,4,3,3,3,4,4,2,5,4,4,2,4,4,4,3,3,4,4,3,3,5,5,6,2,4,5,3,3,3,3,3,3,2,3,3,4,4,4,4,3,3
intelligent,male,faces,522655,male,women,28.6,3,4,5,4,4,4,3,3,3,4,4,4,4,4,6,4,4,4,6,3,4,4,4,3,4,2,4,4,5,4,5,5,3,4,4,3,4,4,5,3,2,4,4,4,5,4,4,5,5,3
intelligent,male,faces,522903,male,women,23.4,4,5,4,4,2,4,4,3,4,3,4,2,4,4,3,5,5,5,3,3,3,5,4,3,7,1,4,4,3,7,4,4,3,4,3,3,3,3,3,4,2,4,5,4,4,4,2,3,3,3
intelligent,male,faces,523638,male,women,21.0,3,2,3,3,1,2,4,2,2,2,1,3,5,3,5,3,2,4,3,1,2,4,1,4,4,1,5,2,2,3,3,3,2,4,3,2,3,3,2,2,2,3,3,2,2,3,1,2,6,4
intelligent,male,faces,529635,male,women,27.6,4,4,4,4,4,4,5,5,4,5,4,4,6,4,5,4,4,4,5,5,4,4,4,5,4,3,4,4,5,5,4,4,3,5,4,4,4,5,4,4,5,4,3,5,4,4,5,4,5,4
intelligent,male,faces,520553,male,women,54.8,4,4,2,3,2,4,3,6,3,4,2,2,4,6,6,5,6,2,6,3,5,6,4,5,3,2,3,4,5,5,5,6,4,4,3,3,5,4,4,6,4,6,4,3,3,2,3,6,4,4
intelligent,male,faces,526304,male,women,27.7,3,4,3,3,5,4,3,4,3,5,3,3,4,4,4,4,4,5,4,5,4,4,3,3,4,3,3,5,4,4,5,3,3,4,3,4,3,4,3,3,3,4,3,3,4,3,5,4,5,3
intelligent,male,faces,528983,male,women,32.3,3,5,2,3,6,5,5,3,3,3,5,4,5,5,2,5,7,4,6,3,4,2,5,4,3,2,5,4,7,4,6,6,4,6,3,2,1,4,3,2,4,6,1,4,3,2,3,5,6,6
intelligent,male,faces,529519,male,women,43.4,3,4,2,4,4,4,2,5,3,4,4,4,4,4,3,4,5,4,5,3,4,5,5,3,5,2,4,4,4,5,4,4,4,4,5,3,4,3,3,4,4,4,2,5,4,3,4,4,5,4
intelligent,male,faces,375388,male,men,25.6,2,6,3,3,4,5,4,5,3,6,6,3,7,4,2,7,5,3,5,5,3,7,2,5,7,2,5,3,3,4,2,6,3,6,6,7,7,7,3,6,3,5,3,7,2,4,6,5,5,2
intelligent,male,faces,526421,female,men,37.3,2,3,3,4,4,3,3,2,4,3,3,1,3,3,3,4,3,2,2,3,4,4,3,1,3,1,5,4,3,2,4,3,1,5,3,2,2,4,2,2,4,4,4,2,3,5,5,2,4,1
intelligent,male,faces,526164,female,men,23.4,4,4,3,4,4,5,3,4,4,4,3,4,4,5,5,5,4,4,4,4,4,4,5,4,4,3,5,4,3,4,4,5,4,4,5,4,3,4,4,4,4,5,3,5,4,3,4,4,5,5
intelligent,male,faces,525800,female,men,25.8,3,5,3,5,6,6,3,3,4,4,2,3,5,5,6,3,6,2,6,3,3,5,3,6,5,1,3,5,3,6,5,6,6,5,5,5,6,6,3,4,3,4,4,3,4,5,7,4,6,6
intelligent,male,faces,525271,female,men,19.9,1,1,1,1,1,4,1,1,1,1,1,1,1,1,1,3,1,1,1,1,1,1,1,3,1,1,1,1,4,1,1,2,1,1,1,1,1,1,1,1,1,1,1,4,1,1,4,1,1,1
intelligent,male,faces,517922,female,men,22.9,4,4,1,5,3,2,5,5,5,7,7,3,6,6,4,6,7,7,3,4,3,7,7,1,2,1,2,5,7,2,7,2,7,6,7,6,7,3,1,7,6,5,3,6,5,7,6,1,1,7
intelligent,male,faces,518384,female,men,30.6,2,3,3,2,3,5,3,4,3,4,4,2,5,6,3,5,5,2,6,3,4,5,4,5,4,2,5,5,3,4,5,4,5,5,6,3,3,3,3,4,2,3,3,5,5,6,4,5,6,3
intelligent,male,faces,518833,female,men,59.7,4,4,4,5,5,3,4,5,3,2,3,4,4,2,4,4,6,3,5,4,6,4,5,5,4,2,3,5,6,4,4,5,3,5,7,4,3,5,5,4,4,5,3,4,3,3,7,6,6,5
intelligent,male,faces,519177,female,men,42.6,3,4,4,3,5,5,4,4,4,5,4,4,4,5,4,4,5,5,4,4,6,4,4,4,4,3,4,5,4,4,6,4,4,5,5,4,5,5,4,4,4,4,4,4,4,4,5,4,4,4
intelligent,male,faces,519713,female,men,32.4,3,4,4,5,5,4,4,4,4,4,5,3,4,4,5,5,4,3,4,4,4,4,4,4,3,3,4,4,4,4,6,5,4,5,5,4,5,4,3,4,4,3,4,4,5,4,4,4,4,5
intelligent,male,faces,524773,female,men,26.0,4,4,3,4,3,4,3,4,2,3,3,3,4,5,6,4,3,4,4,4,4,4,4,4,5,4,4,4,3,4,4,4,4,3,3,3,3,4,5,4,4,4,3,3,3,3,3,4,4,3
mean,male,faces,522773,male,women,22.0,5,2,3,6,6,3,3,5,5,2,3,4,5,3,5,3,4,4,4,3,3,2,5,5,3,3,4,3,6,6,4,3,2,3,5,2,5,3,4,6,5,4,6,2,7,5,6,4,4,2
mean,male,faces,527684,male,men,40.0,5,2,2,3,3,2,3,3,3,1,1,2,7,2,2,1,2,3,2,1,1,1,2,4,1,2,2,2,3,3,5,4,1,2,2,2,2,3,2,2,2,3,2,2,2,2,1,6,7,6
mean,male,faces,527804,male,women,29.4,2,3,4,2,2,1,5,4,5,3,2,7,5,2,4,3,3,1,4,4,3,2,3,2,3,2,1,3,3,4,2,4,3,3,5,4,4,3,2,4,5,4,3,3,3,6,2,4,3,1
mean,male,faces,528246,male,women,20.7,1,2,1,2,1,1,1,5,1,1,1,1,1,1,1,4,1,3,2,1,1,1,1,1,3,1,1,2,1,1,1,1,1,1,1,1,2,1,1,1,1,1,1,1,1,1,1,1,4,1
mean,male,faces,529633,male,women,19.5,6,6,6,6,6,6,6,6,6,6,6,6,5,6,6,6,2,6,2,6,6,6,6,6,6,6,5,2,6,6,6,6,5,6,6,6,6,6,6,6,6,6,6,6,6,6,6,6,6,6
mean,male,faces,531784,male,women,26.6,3,3,3,4,2,2,2,5,5,4,1,5,3,3,4,3,3,3,4,3,4,1,3,2,3,3,4,4,4,3,2,2,3,3,4,2,4,2,5,4,5,5,3,2,3,3,4,2,4,2
mean,male,faces,521979,male,women,21.3,4,4,5,5,2,5,6,2,6,5,4,6,4,3,4,1,3,3,5,3,5,2,4,5,2,4,3,3,4,3,3,5,3,3,2,4,4,4,2,2,5,2,4,2,3,5,3,4,4,5
mean,male,faces,520748,male,neither,25.1,4,4,4,6,4,3,4,4,4,4,4,6,4,2,6,4,4,4,4,4,5,4,1,7,4,2,4,4,5,4,3,6,4,4,4,6,4,4,6,3,4,4,4,4,5,4,5,5,4,5
mean,male,faces,519257,male,women,53.2,4,4,6,6,2,3,6,3,5,6,5,7,6,2,7,2,3,6,3,4,6,2,4,6,7,3,3,3,5,4,4,5,1,3,4,4,7,4,5,6,6,5,5,3,3,5,5,6,6,3
mean,male,faces,517931,male,men,31.8,4,5,5,5,4,4,5,3,5,3,5,5,4,4,4,3,5,4,3,5,3,3,5,3,4,3,4,3,4,4,2,5,4,2,4,4,4,4,3,5,6,3,4,5,3,5,3,4,3,3
mean,male,faces,519264,female,men,23.0,4,3,3,3,1,3,6,2,3,6,4,6,5,3,3,2,4,4,6,4,5,2,2,6,4,3,4,4,5,5,3,6,4,4,4,4,4,5,4,3,3,4,5,2,3,5,4,5,3,5
mean,male,faces,517757,female,either,27.6,3,5,4,4,2,5,6,1,5,6,4,5,7,1,3,3,1,3,2,5,5,1,1,4,6,1,1,1,4,6,1,7,2,3,1,4,4,3,3,2,4,1,6,2,3,6,4,5,5,7
mean,male,faces,518006,female,men,51.3,4,3,5,5,2,2,5,3,4,3,3,5,5,3,5,4,5,5,4,6,5,2,2,1,4,4,3,2,3,3,1,3,4,4,5,2,2,5,5,4,2,3,5,5,3,4,4,1,4,3
mean,male,faces,518596,female,men,16.9,4,4,5,5,3,5,5,4,5,5,4,5,5,4,5,4,4,5,5,5,5,4,4,5,3,5,5,4,5,5,4,5,5,5,4,5,5,4,5,4,5,5,5,5,3,5,5,4,5,3
mean,male,faces,518892,female,either,18.6,4,4,5,6,2,5,5,2,6,4,5,6,4,4,4,3,3,4,4,4,4,3,3,4,3,4,4,3,5,4,3,6,4,4,3,5,4,4,4,3,6,2,5,2,4,5,4,5,4,5
mean,male,faces,527493,female,men,24.7,5,5,4,5,3,4,6,3,6,7,5,6,2,1,7,2,3,1,4,5,5,3,1,7,6,5,2,3,4,6,2,6,3,3,2,6,5,5,6,2,6,5,7,2,3,6,4,3,3,4
mean,male,faces,527453,female,men,21.1,5,5,4,5,4,3,6,4,5,5,4,6,4,2,5,3,3,4,3,6,6,4,3,5,4,5,3,2,4,4,3,6,6,4,5,5,5,4,6,3,6,4,6,3,3,6,4,4,4,5
mean,male,faces,525819,female,men,33.2,3,2,6,5,1,3,6,7,6,7,6,7,7,4,6,5,1,5,2,6,4,3,3,5,1,3,1,6,5,5,5,4,2,5,4,5,2,3,6,1,7,5,5,1,2,7,5,3,2,2
mean,male,faces,525554,female,neither,19.0,2,6,3,3,1,1,5,3,4,6,3,5,5,3,5,3,2,6,3,5,5,4,2,5,4,2,3,3,4,3,2,4,3,3,5,3,4,2,5,2,5,4,3,2,3,7,2,4,5,2
mean,male,faces,524847,female,either,19.9,3,3,3,3,3,3,3,4,3,2,2,3,3,5,3,4,2,3,3,3,3,2,3,3,3,1,3,2,3,4,4,3,3,2,4,2,3,3,4,3,3,4,2,2,3,2,3,2,4,3
mean,male,faces,524082,female,men,52.0,2,2,2,4,1,2,5,1,4,4,3,4,5,2,4,1,2,4,3,5,3,1,2,6,3,2,1,2,3,4,4,6,3,5,5,3,4,4,5,1,3,1,5,4,2,6,3,2,4,3
responsible,male,faces,522655,male,women,28.6,3,4,3,4,4,4,2,5,3,4,3,4,6,4,5,4,4,4,5,4,3,4,5,6,2,2,4,4,5,5,5,5,5,5,5,4,4,4,3,5,3,3,3,4,4,3,4,4,4,5
responsible,male,faces,521838,male,women,35.4,3,5,3,4,5,4,3,3,2,3,6,4,3,3,3,7,6,5,6,4,6,6,6,3,4,1,5,5,6,6,2,3,3,7,5,3,6,4,3,3,5,6,3,4,5,5,7,6,5,7
responsible,male,faces,520672,male,men,22.4,2,4,6,7,3,4,6,5,7,5,3,3,5,6,3,4,5,6,6,6,3,6,4,4,4,2,5,6,6,4,4,5,2,6,6,4,6,5,6,7,4,6,6,6,3,4,5,2,6,2
responsible,male,faces,462693,male,men,28.2,2,3,6,5,3,2,7,1,6,3,1,3,5,4,5,6,2,5,5,2,6,2,3,5,3,2,4,7,5,2,2,1,2,4,2,5,3,3,1,5,2,5,4,2,5,2,3,5,6,5
responsible,male,faces,523430,male,women,23.0,3,3,3,5,6,4,4,7,6,3,4,3,2,5,4,6,4,4,5,2,5,5,5,3,5,2,4,5,6,5,7,4,5,6,7,4,5,2,3,6,6,5,7,3,6,4,5,7,3,2
responsible,male,faces,528099,male,men,23.0,3,3,2,4,4,5,3,3,2,2,3,2,4,3,4,4,4,6,4,2,4,4,3,2,2,2,4,4,4,2,4,4,3,4,4,3,1,2,2,4,2,4,4,3,4,3,4,4,4,4
responsible,male,faces,529031,male,men,28.5,2,4,3,5,6,4,2,6,2,5,5,2,1,2,2,4,2,5,3,2,4,4,3,5,3,1,4,7,5,3,7,5,3,5,6,3,3,3,5,2,1,6,3,1,2,2,5,5,4,6
responsible,male,faces,56604,male,,26.2,1,2,2,6,4,7,3,5,7,3,1,3,5,4,6,6,4,1,4,5,6,1,1,2,1,1,4,5,3,1,5,5,1,1,1,1,4,1,1,4,2,4,2,4,1,2,6,3,4,1
responsible,male,faces,526271,male,men,24.3,4,4,3,3,6,2,2,5,3,3,4,2,4,6,3,5,5,4,4,3,3,5,5,5,3,2,5,5,3,4,7,5,5,4,5,4,3,3,2,3,6,5,2,4,5,3,4,3,7,5
responsible,male,faces,529615,male,women,19.0,2,2,6,2,3,3,3,4,2,4,3,6,5,6,5,3,4,5,2,2,4,4,6,3,4,2,7,7,4,3,5,3,4,3,6,3,5,3,3,4,2,4,3,3,4,6,5,2,4,2
responsible,male,faces,517950,female,women,18.1,1,2,4,6,6,3,2,2,4,3,1,4,4,2,2,4,6,5,3,3,5,3,2,4,7,1,4,7,4,3,4,4,2,5,3,3,5,3,4,5,3,5,6,4,2,6,6,3,6,2
responsible,male,faces,530294,female,men,18.9,1,1,2,2,5,7,1,7,1,1,1,4,2,2,3,6,2,6,3,2,2,2,6,1,4,2,4,2,5,2,6,1,1,2,4,2,2,1,1,3,2,3,2,7,4,1,2,1,3,1
responsible,male,faces,518513,female,either,14.6,6,2,4,6,6,4,1,3,2,3,3,1,5,5,1,4,2,5,4,1,2,3,5,2,3,1,5,5,4,5,6,2,3,2,3,1,5,1,4,4,1,2,2,1,5,1,6,3,6,2
responsible,male,faces,518628,female,men,23.6,3,4,4,4,5,5,4,5,5,4,4,4,5,5,3,4,4,5,4,3,4,5,3,3,5,3,3,5,5,5,5,3,4,4,4,3,3,5,4,3,5,5,4,3,4,3,4,4,5,3
responsible,male,faces,518006,female,men,51.3,1,4,2,2,5,2,2,6,3,2,2,1,3,4,4,5,4,5,5,2,2,5,2,2,2,1,4,4,3,4,2,3,4,4,3,2,2,3,2,2,1,4,2,4,2,3,3,2,2,1
responsible,male,faces,519250,female,men,19.1,4,4,4,5,3,4,5,4,3,3,4,3,2,4,4,3,4,5,6,3,4,4,4,3,3,3,3,3,2,2,4,4,4,4,4,3,4,3,3,5,4,3,2,3,6,2,4,4,5,5
responsible,male,faces,525550,female,men,19.8,3,3,4,2,5,2,5,5,5,2,2,2,5,4,3,5,3,5,3,5,4,5,4,3,5,1,3,3,4,3,3,4,2,3,3,2,5,3,2,4,3,5,3,2,4,2,3,5,5,3
responsible,male,faces,524819,female,men,19.3,3,5,3,3,3,5,3,3,3,3,3,3,3,6,3,3,3,3,5,3,3,3,5,3,3,2,5,2,3,6,3,3,3,4,3,3,3,3,3,3,3,3,3,4,5,3,6,4,6,2
responsible,male,faces,526415,female,men,22.2,3,5,4,5,6,4,4,4,3,4,4,4,5,4,3,4,4,4,5,4,5,4,4,4,5,2,5,4,4,4,4,4,4,5,4,4,4,3,3,4,4,4,4,4,4,5,5,5,4,3
responsible,male,faces,525805,female,men,23.7,1,1,1,3,2,5,1,5,1,5,1,6,2,1,1,7,1,1,6,1,1,6,1,1,1,1,1,6,1,4,5,2,6,5,1,1,1,7,4,6,1,4,1,4,5,1,3,1,7,1
responsible,male,faces,519787,female,either,35.8,3,3,3,4,4,3,3,4,3,3,3,3,3,3,2,4,4,4,4,3,3,4,4,3,4,3,4,4,3,4,3,3,3,3,3,4,4,3,3,4,3,4,4,4,4,3,4,3,3,4
sociable,male,faces,527922,male,women,22.5,1,1,1,1,2,5,1,1,1,1,1,1,1,1,1,1,6,1,1,1,1,6,1,1,1,1,1,5,4,1,1,1,1,1,1,1,5,1,1,2,1,1,1,1,2,5,1,2,1,1
sociable,male,faces,526097,male,neither,21.2,5,1,3,3,3,1,2,3,1,2,1,1,2,4,4,2,3,1,3,3,4,3,2,5,2,1,2,1,2,4,4,3,2,3,4,1,2,3,2,3,4,4,1,3,4,3,3,3,5,5
sociable,male,faces,523392,male,women,32.0,3,2,4,4,5,6,3,3,3,2,2,3,2,3,3,5,4,3,2,1,5,4,3,2,4,4,4,2,3,3,4,3,4,3,3,3,4,2,3,3,3,3,3,3,1,3,3,2,4,2
sociable,male,faces,522657,male,women,26.3,5,6,3,3,5,6,4,6,2,2,5,5,3,6,3,5,4,5,6,3,6,4,5,5,4,1,7,4,4,4,6,5,6,4,4,3,4,3,4,5,4,4,3,4,5,3,5,5,6,3
sociable,male,faces,520620,male,women,24.0,4,4,3,3,5,3,4,4,3,2,3,3,3,5,3,4,5,4,3,5,3,3,3,2,3,2,4,4,5,3,4,3,3,4,3,3,4,3,4,5,3,3,3,3,4,3,3,4,5,4
sociable,male,faces,518948,male,men,33.4,2,5,2,4,5,4,4,4,5,5,3,4,5,3,4,5,4,4,4,4,3,4,5,5,3,2,6,5,4,3,5,6,5,5,5,4,4,5,3,5,4,4,3,4,5,3,3,3,5,4
sociable,male,faces,475943,male,women,43.8,3,4,2,2,4,4,4,2,3,2,2,3,3,5,3,4,2,4,2,2,3,4,2,2,2,1,4,2,2,5,4,3,2,2,3,3,1,3,2,2,4,3,3,2,3,4,2,3,4,3
sociable,male,faces,521740,male,men,32.5,3,3,4,3,4,5,3,3,2,3,2,1,3,5,3,3,4,2,5,1,1,5,6,2,4,4,5,3,3,3,6,3,3,3,5,3,2,3,2,5,3,3,2,6,4,1,3,3,4,5
sociable,male,faces,518027,male,women,20.4,3,5,1,2,3,3,3,2,1,1,2,3,2,3,2,4,2,2,3,3,2,2,2,3,1,1,3,3,2,2,5,2,2,2,3,1,2,1,2,2,3,2,2,2,4,2,4,1,2,2
sociable,male,faces,529573,male,neither,23.7,4,4,2,3,5,4,3,3,4,2,2,2,3,5,4,4,4,4,3,3,3,4,4,3,2,3,5,3,4,3,5,3,3,4,4,3,2,3,2,5,4,3,3,3,4,2,3,3,4,4
sociable,male,faces,524801,female,men,45.5,2,4,5,2,2,1,2,2,3,2,1,2,3,2,3,5,1,3,2,1,4,2,5,6,2,2,4,1,5,1,5,5,5,1,1,1,5,3,3,4,4,3,1,3,4,1,2,4,6,1
sociable,male,faces,526194,female,men,18.5,3,2,3,2,3,4,3,3,2,2,2,2,3,5,5,3,2,2,2,3,2,2,2,2,2,2,2,3,3,2,3,3,4,3,3,2,2,2,2,4,3,3,2,3,3,4,2,2,3,3
sociable,male,faces,518941,female,men,21.5,3,4,2,1,3,3,3,3,3,3,1,3,3,3,1,1,4,3,3,3,3,3,2,3,1,1,3,4,1,2,1,5,2,3,3,3,1,1,3,4,3,3,1,3,4,3,1,3,3,1
sociable,male,faces,525801,female,either,23.5,5,4,2,5,3,5,4,4,5,3,5,4,4,4,5,4,4,3,3,3,4,3,3,3,2,2,5,5,4,5,6,3,5,5,5,3,4,2,3,2,4,5,3,4,5,4,4,5,5,5
sociable,male,faces,525307,female,men,18.8,5,6,4,3,4,3,6,3,3,2,3,6,5,3,4,4,5,3,3,4,3,4,5,3,3,3,6,4,6,2,3,3,7,3,3,5,4,4,4,3,6,4,5,5,3,3,5,5,3,2
sociable,male,faces,524180,female,either,20.5,6,4,1,3,5,3,5,5,3,5,2,3,4,5,5,4,5,2,3,5,3,3,2,4,1,5,4,4,4,6,5,4,3,2,7,3,3,4,2,3,5,4,2,5,6,3,4,3,5,4
sociable,male,faces,517737,female,men,22.0,1,1,3,3,5,7,5,5,3,3,2,1,3,6,5,4,5,2,6,6,3,6,5,3,2,1,5,3,2,2,6,4,3,5,4,2,2,3,2,3,5,3,1,3,6,2,4,1,4,3
sociable,male,faces,517965,female,men,22.5,6,2,1,5,4,5,6,3,3,1,1,3,4,5,5,2,3,6,3,4,2,5,3,6,3,5,5,2,3,4,6,3,5,4,6,1,5,1,2,4,6,3,1,5,4,4,3,4,5,6
sociable,male,faces,518472,female,men,35.9,3,6,2,4,6,6,5,5,4,2,3,4,4,6,5,3,4,4,6,4,4,6,5,5,3,5,6,6,4,3,5,3,2,4,5,3,4,3,2,4,4,4,5,4,5,1,4,5,5,2
sociable,male,faces,519185,female,men,24.0,6,3,2,4,5,5,1,5,2,2,1,2,6,6,4,2,2,5,2,4,2,4,2,2,1,1,4,5,2,4,2,2,5,2,2,1,3,1,6,4,5,7,1,2,5,1,3,1,6,3
trustworthy,male,faces,520749,male,women,18.1,3,2,7,7,6,3,5,6,6,3,4,6,3,3,2,4,2,3,7,6,6,2,3,1,6,3,7,7,2,7,2,4,6,6,5,5,2,2,6,2,3,6,7,6,7,4,4,5,5,1
trustworthy,male,faces,522085,male,women,29.6,4,4,5,5,6,6,4,6,5,4,3,4,6,6,3,4,6,3,4,4,3,3,5,2,5,3,5,4,4,7,5,5,7,5,6,4,4,5,4,4,5,6,5,6,6,5,4,6,7,2
trustworthy,male,faces,526346,male,women,49.0,5,7,6,4,6,4,4,6,6,4,5,4,5,5,4,4,4,4,5,5,5,4,5,5,6,3,5,5,6,7,6,3,6,5,4,4,5,4,3,6,4,6,4,6,5,4,6,4,6,5
trustworthy,male,faces,528295,male,women,64.7,4,4,4,3,4,4,3,5,5,3,3,3,5,3,4,5,3,3,4,3,4,3,4,3,5,3,3,5,4,4,5,3,3,4,3,3,3,2,5,5,4,5,4,5,3,3,3,4,5,3
trustworthy,male,faces,529121,male,women,20.3,3,1,1,2,1,2,1,1,1,1,1,1,1,2,1,1,4,1,4,1,1,1,2,1,1,1,1,1,1,1,5,4,1,2,4,1,1,3,1,1,1,1,1,1,5,1,1,2,3,1
trustworthy,male,faces,529644,male,women,23.2,1,4,3,3,2,3,4,2,2,3,3,3,2,5,3,4,3,3,4,3,4,4,4,4,2,2,4,2,3,3,5,2,3,4,2,3,3,3,3,4,2,4,3,3,4,1,3,3,3,4
trustworthy,male,faces,519395,male,women,24.7,4,5,2,1,3,2,1,6,2,2,2,1,3,6,4,1,2,3,5,1,1,5,4,2,4,2,2,2,5,6,6,1,3,2,5,2,2,2,4,3,1,5,1,5,1,2,1,5,6,1
trustworthy,male,faces,218328,male,either,23.8,5,5,1,4,5,7,6,4,2,1,7,2,4,7,4,4,6,4,4,4,2,6,7,6,4,5,5,5,5,6,6,4,5,4,3,2,4,7,2,3,5,7,2,6,7,2,5,7,2,2
trustworthy,male,faces,274936,male,women,30.5,4,6,3,2,5,6,4,6,4,5,3,6,6,4,3,6,5,5,3,4,4,4,4,4,3,1,3,5,5,3,5,2,7,5,6,2,5,3,5,6,5,5,3,6,6,2,5,3,7,2
trustworthy,male,faces,523103,male,women,22.5,3,5,3,3,5,5,2,3,3,3,3,2,4,5,4,4,4,4,5,2,3,5,5,4,4,4,6,5,4,3,4,3,2,4,4,2,4,3,3,4,3,4,3,4,5,4,4,4,4,3
trustworthy,male,faces,519281,female,men,28.6,2,3,2,3,3,2,2,3,2,2,2,3,2,4,2,4,4,3,3,1,3,2,3,2,2,1,3,3,3,2,4,3,2,4,3,3,2,3,3,2,2,4,2,3,2,2,3,2,4,3
trustworthy,male,faces,526602,female,either,19.1,3,4,3,3,5,4,2,4,2,2,4,2,2,5,4,2,3,3,4,2,3,5,6,3,3,3,4,4,3,3,6,3,3,3,4,2,3,4,3,4,4,4,3,5,3,4,3,3,3,4
trustworthy,male,faces,518025,female,men,29.6,3,4,2,5,6,6,3,5,4,2,3,4,5,6,5,5,5,3,5,4,3,6,5,4,4,4,5,5,4,5,4,5,4,4,3,3,4,3,4,5,5,5,4,4,4,5,4,3,6,4
trustworthy,male,faces,525837,female,men,38.2,3,5,2,3,6,4,3,4,3,4,5,3,3,3,5,5,4,5,4,4,5,5,5,6,5,5,5,5,4,5,5,4,4,4,4,4,4,3,4,6,3,4,4,6,5,3,4,5,5,6
trustworthy,male,faces,525587,female,men,18.1,2,2,3,5,3,5,2,3,4,3,3,3,3,5,2,4,4,3,5,3,3,3,4,5,2,2,4,3,4,3,3,5,3,3,4,3,4,3,3,5,3,4,2,5,4,4,3,3,5,2
trustworthy,male,faces,519280,female,women,19.0,2,5,1,3,3,5,3,6,2,2,5,4,4,4,5,4,4,2,5,4,5,4,4,5,3,2,5,4,5,6,3,5,5,5,4,4,3,2,3,4,3,6,3,6,3,3,3,5,4,5
trustworthy,male,faces,519058,female,men,21.1,5,6,6,5,6,5,5,6,6,5,6,3,7,6,6,7,6,6,6,5,6,6,6,5,5,6,6,6,6,6,6,5,5,7,6,5,6,5,3,5,5,5,5,7,6,5,6,5,5,6
trustworthy,male,faces,518647,female,men,26.9,3,3,1,1,2,1,2,4,3,2,1,3,5,5,3,5,2,2,2,2,2,3,3,2,2,1,4,5,4,3,3,5,2,2,1,3,1,1,1,7,5,4,1,3,4,1,3,3,3,3
trustworthy,male,faces,517916,female,men,62.7,6,3,4,3,6,3,4,6,3,3,5,4,5,6,2,3,4,4,3,2,4,4,5,5,3,3,5,5,4,3,5,5,3,3,4,4,3,2,3,6,4,3,4,3,6,3,3,3,6,5
trustworthy,male,faces,525052,female,men,31.5,4,2,1,2,3,3,1,4,5,1,3,1,5,4,2,1,1,4,2,2,1,3,4,1,2,1,5,1,2,4,4,1,1,2,6,1,1,1,1,2,2,3,1,3,2,1,3,5,3,1
weird,male,faces,526580,male,women,54.5,4,5,4,2,5,5,3,4,4,6,7,3,4,4,4,4,4,4,2,5,6,4,4,2,5,5,5,3,5,3,3,4,5,4,4,5,4,4,6,3,3,4,6,5,7,4,5,3,2,3
weird,male,faces,525761,male,women,25.5,5,6,6,5,7,7,4,4,5,6,7,5,4,6,5,5,7,4,6,5,5,6,7,6,7,7,5,5,7,5,3,6,5,6,6,6,6,7,6,6,5,6,7,4,6,7,5,7,3,7
weird,male,faces,523371,male,women,36.6,3,5,4,4,4,4,5,3,3,6,6,5,3,3,4,5,5,3,5,4,6,5,4,4,5,7,6,6,5,4,4,4,6,4,6,5,5,6,3,3,5,3,6,4,3,6,6,5,4,3
weird,male,faces,522249,male,women,35.1,4,5,6,6,5,5,6,6,6,6,6,5,5,1,5,5,5,5,5,6,6,5,5,6,4,6,5,3,4,5,2,5,3,5,2,6,6,2,5,5,5,5,6,4,6,5,5,5,3,3
weird,male,faces,521028,male,either,19.4,3,5,4,5,3,6,3,3,4,5,7,4,3,3,5,3,5,4,3,4,5,3,3,3,3,6,3,4,4,1,3,2,3,2,4,3,3,4,3,2,5,4,5,2,5,5,4,3,4,5
weird,male,faces,520035,male,women,22.5,6,3,3,5,6,6,4,3,3,5,7,6,4,4,2,2,3,6,3,5,6,4,5,6,4,4,6,2,4,3,3,3,2,5,5,5,3,4,6,3,4,1,7,6,3,4,6,5,1,3
weird,male,faces,449916,male,men,37.7,4,3,4,5,4,5,3,2,3,6,5,3,2,3,6,1,4,3,2,3,4,4,5,5,5,7,4,2,4,4,2,5,5,4,3,5,4,5,3,3,4,4,4,3,3,5,4,4,1,5
weird,male,faces,518579,male,women,20.0,5,5,6,6,3,6,5,4,6,6,7,7,6,4,7,4,5,7,4,3,7,5,6,5,2,7,4,4,6,3,2,4,6,4,5,5,6,5,5,5,5,4,6,6,2,5,4,4,3,6
weird,male,faces,529375,male,women,22.9,3,5,4,2,4,5,3,4,4,6,5,4,4,4,5,5,4,4,4,4,4,4,4,4,5,6,5,4,3,4,4,3,4,3,5,5,5,5,4,4,3,4,5,5,5,5,4,4,3,3
weird,male,faces,529845,male,either,30.8,6,6,6,5,6,6,5,5,7,5,7,4,5,5,5,5,5,6,5,5,5,5,6,6,6,7,7,5,5,6,5,6,6,5,4,6,5,6,6,6,6,6,6,6,6,6,5,5,4,6
weird,male,faces,518767,female,men,19.9,2,2,6,5,3,5,2,3,4,5,7,4,2,1,3,3,7,4,4,4,2,4,4,4,3,6,5,4,3,2,2,2,4,1,4,6,4,6,4,3,2,3,5,4,6,6,3,2,3,5
weird,male,faces,526734,female,men,28.4,4,4,5,6,5,5,5,4,5,6,6,6,6,5,5,4,6,5,4,5,5,4,5,4,5,7,6,4,4,3,4,4,6,4,6,6,5,5,5,4,4,4,7,5,6,6,4,4,4,4
weird,male,faces,526113,female,women,27.4,6,3,5,4,4,5,4,2,3,5,6,4,5,3,3,4,5,4,4,5,6,3,5,3,4,7,4,3,2,3,3,6,6,6,3,5,5,6,4,2,3,4,7,5,6,7,5,5,3,4
weird,male,faces,525782,female,men,27.4,5,4,4,5,4,6,2,2,4,6,7,5,2,3,3,1,3,5,2,5,5,5,4,2,5,7,2,4,5,2,1,3,2,3,4,6,5,6,5,4,3,2,5,3,5,5,5,3,2,5
weird,male,faces,525119,female,men,25.6,5,5,1,3,4,4,4,2,2,4,7,3,2,4,1,2,4,4,4,2,6,3,6,5,3,7,3,5,3,4,1,6,7,4,3,3,4,7,2,4,3,2,6,4,5,7,5,3,1,6
weird,male,faces,524472,female,men,32.8,5,6,6,3,4,3,2,3,5,7,6,2,2,3,6,4,4,4,1,3,5,4,4,6,6,7,2,1,3,2,1,5,6,3,5,7,4,7,4,1,2,2,5,6,7,6,6,4,1,5
weird,male,faces,517839,female,either,18.0,7,7,7,5,5,7,6,3,5,7,7,4,3,5,6,6,5,7,3,6,5,4,7,7,3,2,7,6,3,5,6,7,5,7,7,6,7,6,6,6,3,6,7,4,7,5,6,2,5,6
weird,male,faces,518765,female,men,22.9,5,5,5,5,5,4,5,3,3,6,7,5,3,4,4,3,6,5,4,4,5,5,5,6,5,7,5,4,3,6,4,5,6,6,4,7,5,6,5,5,4,3,6,4,6,6,5,5,3,5
weird,male,faces,519411,female,men,20.4,2,5,4,1,3,5,2,2,2,3,5,2,1,1,4,2,2,4,2,5,5,2,6,4,4,4,1,2,2,2,1,1,2,2,2,5,2,4,3,3,2,1,5,2,4,4,2,2,4,3
weird,male,faces,518220,female,men,38.7,5,4,5,4,5,6,4,4,4,5,7,4,4,5,4,4,5,4,4,4,5,5,5,4,4,6,4,4,5,4,4,4,5,5,4,4,5,4,4,4,4,4,6,5,5,6,5,4,4,4
